STATE,YEAR_ST_CASE,ST_CASE,VE_TOTAL,PEDS,PERSONS,COUNTY,CITY,DAY,MONTH,YEAR,DAY_WEEK,HOUR,MINUTE,ROUTE,TWAY_ID,TWAY_ID2,LATITUDE,LONGITUD,HARM_EV,MAN_COLL,RELJCT2,TYP_INT,WRK_ZONE,REL_ROAD,LGT_COND,WEATHER,FATALS,DRUNK_DR
48,2017480696,480696,1,0,3,451,0,22,3,2017,4,14,7,2,US-67,,31.54493056,-100.313,1,0,1,1,0,1,1,1,1,0
48,2017480697,480697,3,0,7,449,0,23,3,2017,5,22,39,2,US-271,,33.35043889,-95.1071,12,2,1,1,0,1,2,1,2,0
48,2017480698,480698,1,0,1,77,0,24,3,2017,6,18,53,8,FM 1288,,33.55828889,-98.0289,1,0,1,1,0,4,1,6,1,1
48,2017480699,480699,2,0,3,19,0,25,3,2017,7,11,33,3,SR-16,CR-ROHRBUCH,29.73006944,-98.9537,12,6,2,3,0,1,1,1,1,0
48,2017480700,480700,1,1,1,201,3280,25,3,2017,7,17,52,6,BISSONNET ST,,29.68958611,-95.561,8,0,1,1,0,1,1,1,1,0
48,2017480701,480701,2,0,4,419,0,3,1,2017,3,17,0,3,SR-87,CR-2124,31.71000278,-94.0456,12,1,3,3,0,1,1,1,1,0
48,2017480702,480702,2,0,2,141,2190,9,2,2017,5,18,49,3,SR-20 MESA ST,,31.83489722,-106.547,12,6,8,1,0,1,1,1,1,1
48,2017480703,480703,1,0,1,139,7270,4,3,2017,7,21,20,8,FM 387 BUTCHER RD,,32.45923889,-96.8259,1,0,1,1,0,1,3,2,1,1
48,2017480704,480704,2,0,3,199,4172,5,3,2017,1,20,9,2,US-69 US-287 LHS DR,CHANCE RD,30.271875,-94.2261,12,2,2,2,0,1,2,2,1,0
48,2017480705,480705,1,1,2,453,330,12,3,2017,1,3,19,3,SR-275 LOOP LAMAR BLVD,,30.37041944,-97.6929,8,0,1,1,0,1,3,10,1,0
48,2017480706,480706,1,1,1,201,3280,13,3,2017,2,20,0,6,SELINSKY RD,,29.63824167,-95.355,8,0,1,1,0,4,3,1,1,0
48,2017480707,480707,1,1,1,113,1730,15,3,2017,4,20,50,3,SR-12 LOOP LEDBETTER DR,MARSALIS AVE,32.68387222,-96.8144,8,0,3,2,0,1,3,1,1,0
48,2017480708,480708,2,0,2,201,3280,16,3,2017,5,13,15,6,WANDA LN,FONDREN RD,29.67872778,-95.5086,12,6,2,2,0,1,1,10,1,0
48,2017480709,480709,1,1,1,27,3690,17,3,2017,6,2,57,8,FM 3470 STAN SHLUETER,WADE DR,31.08418333,-97.7802,8,0,2,3,0,1,2,1,1,0
48,2017480710,480710,1,1,1,181,0,18,3,2017,7,20,34,2,US-82,,33.67195556,-96.8114,8,0,1,1,0,1,2,1,1,0
48,2017480711,480711,1,0,2,439,2450,18,3,2017,7,17,40,1,I-20,,32.66761667,-97.3212,25,0,5,1,0,4,1,1,2,0
48,2017480712,480712,2,0,4,29,6090,19,3,2017,1,13,46,8,FM 1957 POTRANCO RD,,29.44926667,-98.6477,12,6,8,1,0,1,1,1,1,0
48,2017480713,480713,2,0,3,55,0,20,3,2017,2,19,28,8,FM 20,,29.75723611,-97.7749,14,0,1,1,0,4,1,1,2,0
48,2017480714,480714,2,0,2,157,3580,20,3,2017,2,8,31,1,I-10,,29.77853056,-95.8155,12,1,1,1,0,1,1,1,1,0
48,2017480715,480715,2,0,2,113,4530,26,3,2017,1,8,26,1,I-635,,32.83893611,-96.6333,33,0,1,1,0,4,1,1,1,0
48,2017480716,480716,1,0,2,201,0,26,3,2017,1,20,48,4,CR-CYPRESS N HOUSTON RD,,29.94277778,-95.6792,1,0,1,1,0,1,2,1,2,1
48,2017480717,480717,1,0,4,319,0,26,3,2017,1,7,32,3,SR-29,,30.81014167,-99.361,1,0,1,1,0,1,4,1,2,0
48,2017480718,480718,3,0,8,201,3280,27,3,2017,2,12,30,2,US-59 EASTEX FWY,,29.73735,-95.368,12,1,1,1,0,1,1,10,1,1
48,2017480719,480719,2,0,2,409,2871,27,3,2017,2,14,44,7,SR-35,FM 361,27.91611944,-97.2794,12,6,2,2,0,1,1,1,1,0
48,2017480720,480720,2,0,2,171,0,28,3,2017,3,12,2,2,US-290,,30.22553333,-98.8104,12,6,1,1,0,1,1,10,1,0
48,2017480721,480721,2,0,3,171,0,28,3,2017,3,14,30,2,US-290,GOEHMANN LN,30.22380833,-98.7851,12,6,1,1,0,1,1,10,1,1
48,2017480722,480722,1,0,3,253,0,28,3,2017,3,15,53,8,FM 600,,32.73088889,-99.7127,1,0,1,1,0,4,1,10,2,0
48,2017480723,480723,1,0,1,7,5890,30,3,2017,5,23,10,3,SR-35,,27.99911667,-97.0709,1,0,1,1,0,4,2,1,1,1
48,2017480724,480724,1,2,2,201,3280,29,3,2017,4,6,50,6,BISSONNET ST,,29.6883,-95.5059,8,0,8,1,0,1,1,10,1,0
48,2017480725,480725,2,0,15,463,0,29,3,2017,4,12,20,2,US-83,,29.58052222,-99.752,12,2,1,1,0,1,1,1,13,0
48,2017480726,480726,1,0,1,113,0,30,3,2017,5,19,6,6,PGB TURNPIKE,,32.98413333,-96.8989,1,0,1,1,0,1,5,1,1,1
48,2017480727,480727,1,0,1,113,2590,30,3,2017,5,22,54,7,I-635 LBJ FWY,,32.86066111,-96.6551,33,0,1,1,0,10,2,1,1,0
48,2017480728,480728,2,0,1,201,6970,30,3,2017,5,21,55,3,SR-249 BUSINESS TOMBALL PKWY,,30.09225,-95.6334,14,0,1,1,0,2,3,1,1,0
48,2017480729,480729,1,1,1,257,6830,30,3,2017,5,0,45,2,US-80,,32.73839444,-96.3481,8,0,1,1,0,1,2,10,1,0
48,2017480730,480730,2,0,3,453,330,30,3,2017,5,11,12,2,US-290,CAMERON RD,30.32186667,-97.6949,12,6,2,2,0,1,1,1,1,0
48,2017480731,480731,1,1,1,27,3690,31,3,2017,6,22,23,8,FM 439 RANCIER AVE,,31.118175,-97.6975,8,0,1,1,0,1,2,1,1,0
48,2017480733,480733,1,0,2,439,2450,31,3,2017,6,2,10,6,TRAIL DR,,32.741775,-97.3658,1,0,1,1,0,1,3,1,2,1
48,2017480734,480734,1,1,1,29,6090,1,4,2017,7,1,19,3,SR-368 LOOP AUSTIN HWY,,29.50169444,-98.4193,8,0,1,1,0,1,3,1,1,0
48,2017480735,480735,1,2,1,139,5685,1,4,2017,7,2,45,7,I-35E INDUSTRIAL BLVD,,32.53999444,-96.8226,9,0,1,1,0,1,2,10,1,1
48,2017480736,480736,1,0,1,201,0,1,4,2017,7,5,10,2,US-290,,29.91915,-95.618,1,0,18,1,1,1,2,1,1,0
48,2017480737,480737,2,0,2,201,3280,1,4,2017,7,3,49,3,SR-8 LOOP SAM HOUSTON PKWY,,29.93911389,-95.3276,12,1,18,1,0,1,3,1,1,1
48,2017480738,480738,2,0,3,245,5430,1,4,2017,7,16,23,8,FM 365,,29.91425278,-94.0358,12,1,1,1,0,1,1,1,1,0
48,2017480739,480739,1,0,3,293,0,1,4,2017,7,7,2,3,SR-14,,31.58502222,-96.5278,32,0,1,1,0,4,1,1,1,0
48,2017480740,480740,1,0,1,475,0,1,4,2017,7,6,30,7,I-20,,31.51211389,-103.192,1,0,1,1,0,10,2,1,1,0
48,2017480741,480741,2,0,2,201,3890,2,3,2017,5,15,7,3,SR-146,,29.61695,-95.0339,54,11,1,1,0,1,1,1,1,0
48,2017480742,480742,1,0,1,439,2450,6,3,2017,2,19,0,7,US-81 287,,32.95539167,-97.3988,1,0,1,1,0,4,2,1,1,1
48,2017480743,480743,1,0,5,389,0,16,3,2017,5,17,0,2,US-285,,31.13066944,-103.265,1,0,1,1,0,4,1,1,1,0
48,2017480744,480744,1,1,1,35,0,18,3,2017,7,22,3,8,FM 1991,,31.90961944,-97.6366,15,0,1,1,0,1,2,1,1,0
48,2017480745,480745,2,0,3,39,3800,19,3,2017,1,12,27,3,SR-288,,29.04416667,-95.4542,12,1,1,1,0,1,1,10,1,1
48,2017480746,480746,1,0,1,303,4140,19,3,2017,1,0,34,2,US-84 AVENUE Q,US 82 MARSHA SHARP FWY,33.59315833,-101.855,33,0,19,1,0,3,3,1,1,1
48,2017480747,480747,4,0,5,113,1730,24,3,2017,6,18,14,1,I-635,,32.92409444,-96.773,12,6,1,1,0,1,1,1,1,0
48,2017480748,480748,1,1,1,303,4140,24,3,2017,6,22,7,6,SLIDE RD,,33.59120833,-101.922,8,0,1,1,0,1,3,1,1,0
48,2017480749,480749,1,0,1,201,3280,26,3,2017,1,18,38,2,US-90 ALT,,29.67558333,-95.4291,25,0,1,1,0,10,1,1,1,0
48,2017480750,480750,1,1,2,215,4197,26,3,2017,1,2,45,8,BU 83S,15TH ST,26.20443333,-98.2355,8,0,3,2,0,1,3,1,1,1
48,2017480751,480751,2,0,2,85,2520,27,3,2017,2,22,24,6,DALLA NORTH TOLLWAY,,33.09903056,-96.8226,14,0,1,1,0,4,3,1,1,0
48,2017480752,480752,1,0,1,109,0,28,3,2017,3,1,0,8,RM 652,,31.83166944,-104.141,1,0,1,1,0,4,2,1,1,0
48,2017480753,480753,2,0,3,125,0,28,3,2017,3,15,12,8,FM 1081,FM 2794,33.47123611,-100.915,12,6,2,2,0,1,1,2,3,0
48,2017480754,480754,2,0,2,61,0,29,3,2017,4,22,34,3,SR-100,,26.06871944,-97.4364,12,2,1,1,0,1,2,1,1,1
48,2017480755,480755,3,0,6,201,0,29,3,2017,4,20,50,8,FM 2920 WALLER TOMBALL RD,,30.06943056,-95.833,12,2,1,1,0,1,2,1,1,1
48,2017480756,480756,1,0,1,231,0,29,3,2017,4,3,5,1,I-30,,33.02301111,-96.1994,25,0,1,1,0,3,2,10,1,1
48,2017480757,480757,2,0,2,355,1550,29,3,2017,4,20,33,2,US-181,,27.84347778,-97.3711,12,2,1,1,0,1,3,1,2,1
48,2017480758,480758,2,0,2,9,0,30,3,2017,5,13,20,3,SR-79,,33.8287,-98.5281,12,2,1,1,0,1,1,1,2,0
48,2017480759,480759,3,2,1,113,3420,30,3,2017,5,20,45,3,SR-161 GEORGE BUSH,,32.860975,-97.0087,12,1,1,1,0,1,3,1,1,0
48,2017480760,480760,4,1,3,201,3280,30,3,2017,5,21,10,8,SL-8 SAM HOUSTON PKWY,,29.85686111,-95.5634,12,1,1,1,0,1,3,1,1,1
48,2017480761,480761,1,0,1,1,0,31,3,2017,6,7,45,8,FM 315,,31.90995,-95.6342,42,0,1,1,0,4,2,1,1,1
48,2017480762,480762,1,0,2,29,6090,31,3,2017,6,14,52,6,KRISTEN WAY,,29.62041111,-98.5059,5,0,1,1,0,1,1,99,1,0
48,2017480763,480763,1,1,1,201,3280,31,3,2017,6,21,9,6,HOMESTEAD RD,MILEY ST,29.81710556,-95.3019,8,0,3,2,0,1,3,1,1,0
48,2017480764,480764,1,0,1,349,0,31,3,2017,6,14,45,8,FM 55,,32.12444722,-96.7417,38,0,1,1,0,5,1,1,1,0
48,2017480765,480765,2,0,1,157,3280,16,1,2017,2,9,54,6,BELLAIRE BLVD,,29.68387222,-95.7874,14,0,1,1,0,7,1,10,1,0
48,2017480766,480766,1,0,1,439,2450,17,1,2017,3,21,1,6,BEACH ST,,32.81131944,-97.2907,30,0,1,1,0,4,3,2,1,0
48,2017480767,480767,1,1,1,439,2450,30,1,2017,2,18,32,6,BERRY ST,,32.70595,-97.3349,8,0,1,1,0,1,3,1,1,0
48,2017480768,480768,1,0,1,331,5880,9,2,2017,5,23,48,8,FM 908,,30.65031944,-96.9974,30,0,1,1,0,4,2,1,1,0
48,2017480769,480769,1,0,3,439,2260,5,3,2017,1,23,47,6,ROY C BROOKS BLVD,,32.63473056,-97.284,1,0,1,1,0,4,3,2,2,1
48,2017480770,480770,1,1,1,285,6360,18,3,2017,7,12,40,2,US-90 ALT,,29.43509444,-97.1777,8,0,1,1,0,4,1,1,1,0
48,2017480771,480771,2,0,4,201,0,2,4,2017,1,0,0,6,KUYKENDAHL RD,DEMONTROND ST,29.97183611,-95.4266,12,6,2,3,0,1,3,10,1,0
48,2017480772,480772,1,3,1,201,0,2,4,2017,1,2,49,6,CR-VETERANS MEMORIAL DR,BROAD HAVEN DR,29.94350278,-95.4646,8,0,3,3,0,1,2,1,1,0
48,2017480773,480773,2,0,2,397,5910,4,4,2017,3,20,46,8,FM 740 RIDGE RD,YACHT CLUB DR,32.88309722,-96.4731,12,6,2,3,0,1,3,1,1,0
48,2017480774,480774,1,1,1,453,330,4,4,2017,3,21,6,6,WILLIAM CANNON DR,,30.19085556,-97.7717,8,0,1,1,0,1,3,1,1,0
48,2017480775,480775,1,0,1,27,570,6,4,2017,5,19,16,2,US-190,,31.05627778,-97.5574,24,0,1,1,0,4,1,1,1,1
48,2017480776,480776,1,0,2,329,4560,6,4,2017,5,2,38,3,SR-250 LOOP,,32.03002778,-102.144,52,0,1,1,0,10,3,1,1,1
48,2017480777,480777,2,0,3,441,0,6,4,2017,5,8,45,4,CR-318,,32.36716944,-99.8865,12,6,8,1,0,1,1,1,1,0
48,2017480778,480778,2,0,3,85,92,7,4,2017,6,22,12,6,MCDERMOTT DR,WATTERS RD,33.10075278,-96.6848,12,6,2,2,0,1,3,1,1,0
48,2017480779,480779,1,0,2,181,0,7,4,2017,6,18,50,3,SR-160,FM 814,33.42653889,-96.4025,35,0,3,3,0,4,1,1,1,1
48,2017480780,480780,1,0,2,215,0,7,4,2017,6,17,48,4,CR-IOWA RD,,26.35206111,-98.4055,1,0,1,1,0,1,1,1,1,1
48,2017480782,480782,2,0,3,339,0,2,4,2017,1,3,44,1,I-45,,30.11701111,-95.4403,12,2,1,1,0,1,3,1,3,2
48,2017480783,480783,1,0,2,483,0,2,4,2017,1,22,10,1,I-40,,35.22766111,-100.359,42,0,1,1,0,5,2,1,2,0
48,2017480785,480785,1,1,1,157,5970,3,4,2017,2,23,10,2,US-90A AVENUE H,RADIO LANE,29.56366389,-95.7842,8,0,2,4,0,1,3,1,1,0
48,2017480786,480786,1,0,1,201,0,3,4,2017,2,0,45,6,SHIELDS ST,,29.79905278,-95.0937,34,0,1,1,0,4,2,10,1,1
48,2017480787,480787,2,0,2,117,0,4,4,2017,3,9,33,2,US-385,,35.05225833,-102.402,12,2,1,1,0,1,1,2,2,0
48,2017480788,480788,1,0,1,201,6970,4,4,2017,3,12,53,6,HUFFSMITH-KOHRVILLE RD,,30.07078889,-95.589,32,0,1,1,0,4,1,1,1,0
48,2017480789,480789,1,0,1,333,0,4,4,2017,3,17,6,3,SR-16,,31.611475,-98.5337,1,0,1,1,0,5,1,1,1,0
48,2017480790,480790,1,2,1,407,6344,4,4,2017,3,21,19,2,US-59,,30.51685556,-94.9848,8,0,1,1,0,2,2,1,1,1
48,2017480791,480791,1,0,2,475,0,4,4,2017,3,13,58,1,I-20,,31.55251111,-103.025,1,0,1,1,0,3,1,6,2,0
48,2017480792,480792,1,0,1,201,0,5,4,2017,4,0,23,8,SL-8 NORTH SAM HOUSTON PKWY,,29.82255,-95.1672,33,0,5,1,0,4,2,1,1,1
48,2017480793,480793,1,0,1,309,7210,7,4,2017,6,15,1,6,LAKESHORE DR,,31.58589167,-97.1901,59,0,1,1,0,4,1,1,1,0
48,2017480794,480794,1,0,2,373,0,7,4,2017,6,20,45,8,FM 350,,30.87036944,-94.9896,11,0,1,1,0,1,2,1,1,1
48,2017480795,480795,2,0,4,29,6090,8,4,2017,7,6,27,8,SL 13 MILITARY DR,,29.35925556,-98.5683,12,6,8,1,0,1,2,10,1,0
48,2017480796,480796,3,0,5,61,0,8,4,2017,7,15,35,8,FM 508 COMBES RIO HONDO RD,,26.24833889,-97.6935,12,2,1,1,0,1,1,10,1,0
48,2017480797,480797,3,0,5,105,0,8,4,2017,7,4,51,1,I-10,,30.68886667,-101.382,12,11,1,1,0,1,2,10,4,0
48,2017480798,480798,2,0,2,113,1730,8,4,2017,7,1,13,6,DALLAS NORTH TOLLWAY,,32.86311111,-96.8116,12,1,1,1,0,1,3,1,1,2
48,2017480799,480799,1,0,1,229,0,8,4,2017,7,15,30,8,RR 1437 JONES RANCH RD,,31.96944444,-105.201,1,0,1,1,0,4,1,1,1,1
48,2017480800,480800,1,0,1,373,0,8,4,2017,7,20,58,8,FM 1988,FM 3126,30.64916111,-94.9974,1,0,3,3,0,1,2,1,1,1
48,2017480801,480801,2,0,2,453,330,8,4,2017,7,3,21,3,SR-130 TX TOLL 45,,30.199925,-97.6225,12,2,1,1,0,1,3,1,2,1
48,2017480802,480802,2,0,2,201,3280,9,4,2017,1,1,45,6,WESTPARK DR,HILLCROFT AVE,29.72300556,-95.501,12,11,2,2,0,1,3,1,1,1
48,2017480803,480803,6,0,8,29,6090,10,4,2017,2,16,19,8,FM 1976 WALZEM RD,,29.501675,-98.3598,12,2,1,1,0,1,1,10,1,0
48,2017480804,480804,2,0,3,29,6090,10,4,2017,2,20,48,6,WEST AVE,,29.49750556,-98.526,12,6,8,1,0,1,3,1,1,0
48,2017480805,480805,2,0,2,491,5990,10,4,2017,2,11,33,6,GATTIS SCHOOL RD,,30.49638333,-97.6363,12,6,1,1,0,1,1,10,1,0
48,2017480806,480806,1,0,1,231,0,11,4,2017,3,17,45,4,CR-1040,,33.26,-96.128,38,0,1,1,0,5,1,10,1,0
48,2017480807,480807,2,0,2,139,4570,12,4,2017,4,19,46,7,US-67,,32.46812778,-97.0262,12,1,1,1,0,1,5,1,1,1
48,2017480808,480808,2,0,4,339,0,12,4,2017,4,0,46,8,FM 1314,CR-SR 99 GRAND PARKWAY 99,30.13723889,-95.2901,12,6,2,2,0,1,3,1,1,1
48,2017480809,480809,3,2,1,423,0,12,4,2017,4,22,20,4,CR-TOLL 49,,32.39586944,-95.4281,12,1,1,1,0,1,2,10,2,1
48,2017480810,480810,4,0,4,439,2450,12,4,2017,4,16,0,1,I-820 JIM WRIGHT FWY,,32.840025,-97.354,12,1,1,1,0,1,1,1,1,0
48,2017480811,480811,1,0,2,291,0,1,4,2017,7,17,23,4,CR-133,,29.93081944,-94.7366,38,0,1,1,0,5,1,1,1,1
48,2017480812,480812,2,0,3,339,0,1,4,2017,7,12,49,8,FM 149,,30.545,-95.819,12,6,8,1,0,1,1,1,1,0
48,2017480813,480813,2,0,2,347,0,1,4,2017,7,10,32,2,US-59,RAMP,31.68381944,-94.6635,12,6,2,4,0,1,1,1,1,0
48,2017480814,480814,2,0,2,373,2727,1,4,2017,7,19,10,2,US-59,SL 393 FM 1988,30.62116944,-94.9477,12,6,2,3,0,1,1,1,1,0
48,2017480815,480815,2,0,4,453,0,1,4,2017,7,23,53,3,SR-71,CR-FALL CREEK RD,30.42113889,-98.1263,12,6,2,3,0,1,2,1,3,0
48,2017480816,480816,1,0,3,73,0,2,4,2017,1,5,43,4,CR-4118,,31.98723889,-95.2907,42,0,1,1,0,4,2,10,1,0
48,2017480817,480817,1,1,1,453,330,24,3,2017,6,8,57,7,US-183 ANDERSON LANE,,30.33243889,-97.6862,8,0,20,1,0,1,1,2,1,0
48,2017480818,480818,1,0,2,199,4172,25,3,2017,7,19,55,2,US-96 MAIN ST,,30.229625,-94.1941,24,0,1,1,0,4,1,1,1,1
48,2017480819,480819,1,1,2,245,490,27,3,2017,2,8,54,2,US-90 COLLEGE,,30.06763611,-94.1722,8,0,1,1,0,1,2,1,1,0
48,2017480820,480820,3,0,3,135,0,3,4,2017,2,17,48,1,I-20,,31.80771944,-102.438,12,6,1,1,0,1,1,1,2,0
48,2017480821,480821,1,0,1,453,0,3,4,2017,2,1,35,3,SR-71,,30.18935278,-97.5746,1,0,1,1,0,4,2,1,1,1
48,2017480822,480822,1,0,1,71,0,4,4,2017,3,7,0,4,CR-BAYSHORE RD,,29.68909722,-94.6896,32,0,1,1,0,4,1,1,1,0
48,2017480824,480824,2,0,3,113,1730,5,4,2017,4,23,16,6,WESTMORELAND RD,ILLINOIS AVE,32.72041111,-96.8744,12,2,2,2,0,1,3,1,1,1
48,2017480825,480825,1,1,1,97,7112,6,4,2017,5,22,8,7,I-35,,33.454725,-97.1646,8,0,1,1,0,1,2,1,1,0
48,2017480826,480826,2,0,2,113,1730,6,4,2017,5,20,47,3,SR-289 PRESTON RD,SPRING VALLEY RD,32.93873889,-96.8035,12,6,2,2,0,1,3,1,1,1
48,2017480827,480827,2,0,2,201,7286,6,4,2017,5,20,5,3,SR-3,BLOSSOM ST,29.54464444,-95.1246,12,6,2,3,0,1,5,1,1,0
48,2017480828,480828,2,0,2,85,0,7,4,2017,6,7,44,3,SR-78,,33.09328333,-96.416,12,2,1,1,0,1,1,1,2,0
48,2017480829,480829,2,0,3,113,1730,7,4,2017,6,1,19,7,US-67 MARVIN D LOVE FWY,RED BIRD LN,32.67120556,-96.8626,12,6,2,2,0,1,3,1,1,0
48,2017480830,480830,3,0,3,433,0,7,4,2017,6,13,33,2,US-380,US-83,33.17854167,-100.251,12,1,3,3,0,1,1,1,1,0
48,2017480831,480831,1,0,1,113,2590,8,4,2017,7,0,5,1,I-635 LBJ FWY,,32.87615556,-96.6848,25,0,1,1,0,3,3,1,1,0
48,2017480832,480832,2,0,3,201,0,8,4,2017,7,2,29,8,FM 525 ALDINE BENDER RD,NORTHGREEN DR,29.93203611,-95.3618,12,1,2,3,0,1,3,1,1,1
48,2017480833,480833,1,2,1,201,3280,8,4,2017,7,22,6,6,MARTIN LUTHER KING BLVD,,29.66995,-95.3372,8,0,1,1,1,1,2,1,2,0
48,2017480834,480834,2,0,2,251,3593,8,4,2017,7,16,33,2,US-67 KATHERINE P RAINES,,32.38629722,-97.3497,12,2,1,1,1,1,1,10,1,0
48,2017480835,480835,1,0,1,291,0,8,4,2017,7,17,21,8,FM 1409,,29.89633889,-94.8142,1,0,1,1,0,4,1,1,1,0
48,2017480836,480836,1,0,2,401,0,8,4,2017,7,3,10,4,CR-2136,,32.27943889,-94.6661,42,0,1,1,0,4,2,1,1,0
48,2017480837,480837,1,1,1,439,2450,8,4,2017,7,21,40,3,SR-180 LANCASTER AVE,SARGENT AVE,32.740975,-97.2635,15,0,3,2,0,1,3,1,1,0
48,2017480838,480838,2,0,3,453,330,8,4,2017,7,8,2,3,SR-71,,30.25874722,-97.906,12,2,1,1,0,1,1,1,2,0
48,2017480839,480839,2,0,5,133,0,9,4,2017,1,15,20,3,SR-6,,32.24318333,-98.781,12,98,1,1,0,1,1,1,1,0
48,2017480840,480840,2,0,2,201,0,9,4,2017,1,5,45,1,I-45,,30.01652778,-95.4285,12,2,18,1,0,1,3,1,1,1
48,2017480841,480841,1,0,2,29,6090,10,4,2017,2,14,45,1,I-410,,29.44901944,-98.4029,59,0,1,1,0,3,1,10,1,0
48,2017480842,480842,2,0,2,139,5132,10,4,2017,2,3,42,8,FM 664 OVILLA RD,,32.53137778,-96.8851,12,2,1,1,0,1,3,1,1,0
48,2017480843,480843,3,0,7,183,0,10,4,2017,2,17,30,8,FM 3053,,32.40027778,-94.955,12,2,1,1,0,1,1,10,1,0
48,2017480844,480844,1,1,1,201,3280,10,4,2017,2,14,5,6,HOMESTEAD,,29.88400278,-95.3008,8,0,1,1,0,1,1,2,1,0
48,2017480845,480845,1,1,3,113,1730,11,4,2017,3,20,24,6,WHEATLAND RD,,32.64749167,-96.8705,8,0,1,1,0,1,3,10,1,0
48,2017480846,480846,1,1,1,201,3280,11,4,2017,3,20,36,3,SR-6,RICHMOND AVE,29.72922778,-95.644,8,0,3,2,0,1,3,10,1,0
48,2017480847,480847,1,0,1,223,5345,11,4,2017,3,0,40,3,SR-11,,33.02562778,-95.3931,1,0,1,1,0,4,2,1,1,0
48,2017480848,480848,2,0,4,37,0,12,4,2017,4,22,38,2,US-59,,33.327625,-94.151,12,6,1,1,0,1,2,1,1,1
48,2017480849,480849,2,0,5,141,0,13,4,2017,5,18,11,8,FM 1281,,31.68195278,-106.221,12,2,1,1,0,1,3,1,1,1
48,2017480850,480850,2,0,2,201,3280,13,4,2017,5,9,27,6,WILL CLAYTON PKWY,,29.98271944,-95.2914,45,0,1,1,1,1,1,1,1,0
48,2017480852,480852,1,0,1,291,0,13,4,2017,5,14,5,3,SR-105,,30.251275,-94.6675,53,0,1,1,0,4,1,1,1,0
48,2017480853,480853,8,1,8,439,2450,13,4,2017,5,6,4,2,US-287 MARTIN LUTHER KING FWY,,32.717675,-97.286,8,0,18,1,0,1,2,10,1,0
48,2017480854,480854,2,0,2,439,260,14,4,2017,6,19,49,6,MAYFIELD RD,,32.69170833,-97.0847,1,0,1,1,0,1,1,1,1,0
48,2017480855,480855,2,1,1,201,3280,15,4,2017,7,1,44,3,SR-8 LOOP SAM HOUSTON PKWY,,29.93985833,-95.3029,12,7,18,1,0,1,2,10,1,0
48,2017480856,480856,2,0,3,473,0,15,4,2017,7,12,13,2,US-6,CR-CEDAR CREEK RD,30.21178056,-96.0594,12,6,2,2,0,1,1,1,2,0
48,2017480857,480857,1,1,1,113,1730,16,4,2017,1,2,13,6,NORTHWEST HWY,,32.864125,-96.665,8,0,1,1,0,1,3,10,1,0
48,2017480858,480858,1,0,1,225,0,16,4,2017,1,23,0,8,FM 227,,31.53134444,-95.2745,42,0,1,1,0,4,2,10,1,1
48,2017480859,480859,2,0,3,349,1570,16,4,2017,1,12,25,2,US-287,,32.05778889,-96.4298,12,2,1,1,0,1,1,1,1,0
48,2017480860,480860,2,0,2,439,260,16,4,2017,1,18,13,7,SR-360 BROWN BLVD,WATSON RD,32.77376389,-97.0627,12,6,2,2,0,1,1,10,1,0
48,2017480861,480861,1,0,2,29,6090,17,4,2017,2,18,48,6,SOMERSET RD,,29.35688056,-98.5496,1,0,1,1,0,1,1,1,1,1
48,2017480862,480862,1,0,1,375,150,17,4,2017,2,19,3,8,SL 279 BUSHLAND BLVD,,35.21118889,-101.881,38,0,1,1,0,4,1,1,1,1
48,2017480863,480863,4,0,4,439,4965,17,4,2017,2,18,54,6,NORTH TARRANT PKWY,,32.903975,-97.1989,12,6,1,1,0,1,1,10,1,0
48,2017480864,480864,2,0,2,453,330,17,4,2017,2,19,21,6,MANOR RD,,30.28951111,-97.6919,12,2,1,1,0,1,1,10,1,0
48,2017480865,480865,1,0,1,67,0,18,4,2017,3,7,4,8,FM 1841,,33.01565556,-94.1907,32,0,1,1,0,4,2,1,1,1
48,2017480866,480866,1,1,1,167,3220,19,4,2017,4,5,15,8,FM 2004,,29.34329444,-95.0359,8,0,1,1,0,1,2,1,1,0
48,2017480867,480867,1,0,2,303,0,28,2,2017,3,2,43,6,CR-7300,,33.49074444,-101.851,38,0,1,1,0,5,2,1,1,1