STATE,YEAR_ST_CASE,ST_CASE,VE_TOTAL,PEDS,PERSONS,COUNTY,CITY,DAY,MONTH,YEAR,DAY_WEEK,HOUR,MINUTE,ROUTE,TWAY_ID,TWAY_ID2,LATITUDE,LONGITUD,HARM_EV,MAN_COLL,RELJCT2,TYP_INT,WRK_ZONE,REL_ROAD,LGT_COND,WEATHER,FATALS,DRUNK_DR
48,2017481213,481213,2,0,2,105,0,27,5,2017,7,16,0,3,SR-163,,31.06684167,-101.166,12,1,8,1,0,1,1,1,1,0
48,2017481214,481214,1,1,1,189,5380,27,5,2017,7,6,3,1,I-27,,34.20397222,-101.742,8,0,18,1,0,1,2,1,1,0
48,2017481215,481215,1,0,3,141,2190,28,5,2017,1,0,43,6,GLOBAL REACH,,31.82429722,-106.358,33,0,1,1,0,3,3,1,1,1
48,2017481216,481216,1,0,5,245,0,28,5,2017,1,12,38,1,I-10,,29.93283889,-94.2678,1,0,19,1,0,2,1,1,1,0
48,2017481217,481217,2,0,3,371,0,28,5,2017,1,6,2,1,I-10,,30.89074167,-102.775,12,2,1,1,0,1,2,10,1,0
48,2017481218,481218,2,0,3,41,1440,30,5,2017,3,3,6,3,SR-6 BUSINESS TEXAS AVE,,30.60620278,-96.3077,12,6,8,1,0,1,3,1,1,2
48,2017481219,481219,1,0,1,201,0,30,5,2017,3,2,27,8,FM 526 LAKE HOUSTON PKWY,,29.83085833,-95.2099,32,0,1,1,0,4,2,10,1,1
48,2017481220,481220,1,0,1,423,0,30,5,2017,3,13,53,8,FM 279,,32.36571667,-95.4505,42,0,1,1,0,4,1,10,1,0
48,2017481221,481221,1,0,1,201,0,1,1,2017,1,6,15,1,I-45 RAMP,,29.95276944,-95.4176,33,0,5,1,0,10,3,10,1,1
48,2017481222,481222,2,1,2,201,0,2,1,2017,2,21,30,8,FM 1960,,30.0116,-95.3309,8,0,1,1,0,1,3,1,1,0
48,2017481223,481223,2,0,6,201,0,22,1,2017,1,10,23,4,CR-CE KING PKWY,,29.86314167,-95.2098,12,2,1,1,0,11,1,1,1,1
48,2017481224,481224,2,0,3,201,0,25,1,2017,4,5,30,7,I-10,CR-SAM HOUSTON PKWY,29.77058333,-95.1541,12,6,2,2,0,1,2,2,1,1
48,2017481225,481225,2,0,3,201,0,26,1,2017,5,0,17,8,FM 1960,,30.01511111,-95.3509,12,2,1,1,0,1,2,1,1,1
48,2017481226,481226,1,0,1,201,0,28,1,2017,7,22,0,7,TOLLWAY 8,,29.87805,-95.1929,31,0,1,1,0,10,3,1,1,1
48,2017481227,481227,2,0,2,183,4080,8,3,2017,4,11,59,3,SR-63 SPUR MCCANN RD,MONTCLAIR ST,32.52155833,-94.7514,12,6,2,2,0,1,1,1,1,0
48,2017481229,481229,1,0,2,453,5325,30,4,2017,1,15,25,3,SR-130,,30.49093889,-97.5841,1,0,19,1,0,10,1,1,1,0
48,2017481230,481230,1,1,3,141,2190,1,5,2017,2,23,43,6,VISCOUNT BLVD,CATALPA LN,31.78119167,-106.388,8,0,3,2,0,1,3,1,1,0
48,2017481231,481231,1,0,1,439,2450,8,5,2017,2,5,37,6,WHITE SETTLEMENT RD,ROCKWOOD PARK DR,32.76238611,-97.3781,24,0,3,2,0,4,2,1,1,0
48,2017481232,481232,2,0,2,121,0,9,5,2017,3,5,46,8,FM 156,DOUBLE EAGLE PKWY,33.018475,-97.3148,12,2,2,3,0,1,3,1,1,0
48,2017481233,481233,1,0,1,239,0,11,5,2017,5,3,15,8,FM 1822,,28.89896111,-96.5883,38,0,1,1,0,5,2,1,1,1
48,2017481234,481234,2,0,2,491,0,11,5,2017,5,22,12,8,FM 973,CR-404,30.53382778,-97.4463,12,6,2,2,0,1,2,1,1,1
48,2017481235,481235,1,0,2,201,0,12,5,2017,6,1,10,4,CR-BISSONNET ST,,29.68099722,-95.6141,33,0,1,1,0,3,3,1,1,0
48,2017481236,481236,2,0,3,225,1620,13,5,2017,7,18,39,3,SR-304 LOOP,FM 229 NAVARRO RD,31.32544167,-95.479,12,6,2,2,0,1,1,1,1,1
48,2017481237,481237,2,0,2,453,0,17,5,2017,4,5,56,8,FM 969,,30.26798611,-97.6262,12,6,1,1,0,1,1,2,1,0
48,2017481238,481238,2,0,2,291,0,18,5,2017,5,3,38,3,SR-146,,30.14799167,-94.7388,12,2,1,1,0,1,2,2,1,0
48,2017481239,481239,1,0,1,365,0,18,5,2017,5,18,8,3,SR-43,,32.33907778,-94.4791,35,0,1,1,0,4,1,1,1,0
48,2017481240,481240,2,0,2,479,3899,19,5,2017,6,23,28,3,SR-20 LOOP BOB BULLOCK LOOP,CORRIDOR RD,27.54143056,-99.4526,12,2,2,2,0,1,3,1,1,0
48,2017481241,481241,2,0,3,201,3280,19,5,2017,6,1,20,1,I-10,,29.777175,-95.3845,12,2,1,1,0,1,3,10,1,1
48,2017481242,481242,1,0,1,97,0,20,5,2017,7,6,41,8,FM 373,,33.68695278,-97.3874,30,0,1,1,0,4,1,10,1,0
48,2017481243,481243,1,0,1,139,0,20,5,2017,7,0,48,4,CR-OLD CHURCH RD,,32.33002222,-96.7597,42,0,1,1,0,4,2,2,1,1
48,2017481244,481244,4,0,6,39,0,22,5,2017,2,15,9,3,SR-6,CR-99 PEARLAND SITES RD,29.45350833,-95.3161,12,1,3,2,0,1,1,10,2,0
48,2017481245,481245,2,0,2,439,2450,20,5,2017,7,19,37,8,FM 1220 BOAT CLUB RD,,32.82461944,-97.42,12,6,8,1,0,1,1,10,1,0
48,2017481246,481246,1,0,1,139,0,22,5,2017,2,14,53,1,I-35E,,32.27763889,-96.8693,25,0,1,1,1,4,1,10,1,1
48,2017481247,481247,2,0,2,329,4560,22,5,2017,2,9,30,3,SR-140,LATTA,31.98653889,-102.052,12,1,8,1,0,1,1,10,1,0
48,2017481248,481248,1,0,1,371,0,22,5,2017,2,20,10,2,US-285,,30.63014722,-102.665,39,0,1,1,0,4,3,2,1,0
48,2017481249,481249,2,0,2,389,0,22,5,2017,2,14,10,2,US-285,CR-402,31.47698056,-103.523,12,6,2,2,0,1,1,1,1,0
48,2017481250,481250,1,0,1,93,0,23,5,2017,3,21,0,3,SR-6,,32.17058333,-98.6089,11,0,1,1,0,1,2,1,1,0
48,2017481251,481251,2,0,2,481,0,23,5,2017,3,16,17,3,SR-71,,29.23925,-96.3031,12,2,1,1,0,1,1,1,1,1
48,2017481252,481252,2,0,2,201,3280,24,5,2017,4,22,6,7,US-59,,29.66677778,-95.5525,12,1,1,1,0,1,3,1,1,0
48,2017481253,481253,1,0,1,123,0,25,5,2017,5,10,12,2,US-87,,29.07008333,-97.2263,32,0,1,1,0,5,1,1,1,0
48,2017481254,481254,2,0,2,141,2190,25,5,2017,5,3,2,2,US-54 GATEWAY NORTH,ELLERTHORPE,31.84128333,-106.44,12,1,2,2,0,1,3,1,1,1
48,2017481255,481255,2,0,2,181,6350,25,5,2017,5,14,1,7,US-75 SAM RAYBURN FWY,WASHINGTON ST,33.64028056,-96.6166,12,6,2,2,0,1,1,1,1,0
48,2017481256,481256,1,0,1,201,3280,26,5,2017,6,2,17,6,HOLCOMBE BLVD,,29.70630833,-95.3965,33,0,19,1,0,3,3,10,1,0
48,2017481257,481257,1,0,1,61,3030,27,5,2017,7,5,9,8,FM 507 KA MAR RD,,26.24828611,-97.6699,30,0,1,1,0,4,3,1,1,0
48,2017481258,481258,1,0,1,113,1730,27,5,2017,7,5,10,6,DALLAS NORTH TOLLWAY,,32.95096111,-96.8232,25,0,1,1,0,3,3,10,1,1
48,2017481259,481259,2,0,3,139,0,27,5,2017,7,22,38,1,I-35E,,32.26643056,-96.8715,12,1,1,1,1,1,2,10,2,1
48,2017481261,481261,2,0,6,201,0,27,5,2017,7,20,40,4,CR-LOCKWOOD RD,,29.93018056,-95.2116,12,6,1,1,0,1,2,1,2,0
48,2017481262,481262,1,1,1,215,5330,27,5,2017,7,21,5,1,I-69C,,26.24451389,-98.176,8,0,1,1,0,1,3,10,1,0
48,2017481263,481263,1,0,1,309,545,27,5,2017,7,17,50,6,CONCORD RD,,31.6223,-97.076,11,0,1,1,0,1,1,10,1,0
48,2017481264,481264,1,1,1,29,6090,28,5,2017,1,2,41,1,I-410,,29.39206944,-98.6478,8,0,1,1,0,1,3,1,1,1
48,2017481265,481265,1,1,1,59,0,28,5,2017,1,5,37,3,SR-206 MAIN ST,,32.1186,-99.1656,8,0,1,1,0,1,2,1,1,0
48,2017481266,481266,1,0,2,113,1730,28,5,2017,1,15,15,1,I-20 LYNDON B JOHNSON FWY,,32.68766667,-96.6356,24,0,5,1,0,8,1,10,1,0
48,2017481267,481267,3,0,3,201,0,28,5,2017,1,6,35,4,CR-HOLLOW TREE LN,CR-WILD OAK DR,30.02345278,-95.4416,43,0,3,2,0,4,1,10,2,1
48,2017481268,481268,1,0,1,201,3280,28,5,2017,1,23,43,1,I-610 EAST,,29.70963056,-95.2671,25,0,19,1,0,4,2,10,1,1
48,2017481269,481269,1,0,1,223,0,28,5,2017,1,7,0,3,SR-154,,33.06384722,-95.5994,30,0,1,1,0,4,1,2,1,0
48,2017481270,481270,1,0,1,349,0,28,5,2017,1,13,35,1,I-45,,31.93905833,-96.4241,1,0,1,1,0,1,1,10,1,0
48,2017481271,481271,1,0,2,39,0,29,5,2017,2,21,42,4,CR-244,,29.05134167,-95.6602,53,0,1,1,0,4,2,10,1,1
48,2017481272,481272,1,0,1,113,3420,29,5,2017,2,16,0,6,LAS COLINAS,,32.90991389,-96.9546,33,0,1,1,0,4,1,1,1,0
48,2017481273,481273,1,0,3,139,0,29,5,2017,2,20,0,4,CR-9469 WILSON RD,,32.40164167,-96.6693,1,0,1,1,0,4,5,1,1,1
48,2017481274,481274,2,0,5,183,0,29,5,2017,2,19,28,8,FM 1844,,32.59125833,-94.8013,12,1,1,1,0,1,1,1,1,1
48,2017481275,481275,1,1,1,183,4080,29,5,2017,2,0,11,2,US-80 MARSHALL AVE,,32.51061944,-94.8197,8,0,1,1,0,1,2,1,1,0
48,2017481276,481276,2,0,3,201,0,29,5,2017,2,21,40,7,US-290 NORTHWEST FWY,SPRING CYPRESS RD,29.97149167,-95.6949,12,6,2,2,0,1,3,1,2,1
48,2017481277,481277,1,0,3,201,7286,29,5,2017,2,2,8,7,I-45,,29.51020278,-95.1188,33,0,1,1,0,4,2,2,1,0
48,2017481278,481278,3,0,3,257,2430,29,5,2017,2,22,40,2,US-80,,32.74145833,-96.4423,12,2,18,1,0,1,3,1,1,1
48,2017481279,481279,1,2,1,439,260,29,5,2017,2,1,47,1,I-20,,32.67540556,-97.1711,8,0,1,1,0,3,2,1,2,0
48,2017481280,481280,1,0,1,439,2450,29,5,2017,2,11,55,1,I-820,,32.83937222,-97.327,59,0,19,1,1,10,1,1,1,0
48,2017481281,481281,1,0,1,27,3690,30,5,2017,3,7,16,6,LITTLE NOLAN RD - BACON RANCH,,31.08348056,-97.7221,33,0,1,1,0,4,1,1,1,1
48,2017481282,481282,2,0,2,85,2320,30,5,2017,3,21,54,3,SR-78,,33.12840278,-96.4076,12,2,1,1,0,1,2,1,1,0
48,2017481283,481283,2,0,2,89,0,30,5,2017,3,13,44,1,I-10,,29.69039722,-96.6687,12,1,1,1,0,1,1,1,1,0
48,2017481285,481285,1,0,1,453,330,30,5,2017,3,21,18,6,WILLIAM CANNON DR,,30.191975,-97.7754,59,0,1,1,0,3,3,1,1,0
48,2017481286,481286,1,0,1,121,1840,31,5,2017,4,2,57,6,MILLS RD,,33.21500278,-97.0651,53,0,1,1,0,4,2,1,1,1
48,2017481287,481287,1,0,1,195,0,31,5,2017,4,8,5,3,SR-136,,36.09903333,-101.444,32,0,1,1,0,4,1,1,1,0
48,2017481288,481288,1,0,1,453,0,31,5,2017,4,21,6,8,RM 2244,,30.30927778,-97.8888,58,0,1,1,0,5,2,2,1,1
48,2017481289,481289,2,0,5,113,1730,15,1,2017,1,3,11,6,STEMMONS FWY,,32.82346111,-96.8712,12,1,1,1,0,1,3,5,2,2
48,2017481290,481290,2,0,2,201,0,30,1,2017,2,18,55,4,CR-FALLBROOK DR,,29.92550278,-95.5313,12,6,4,1,0,1,2,1,1,0
48,2017481291,481291,1,1,1,469,7190,24,4,2017,2,20,49,6,JOHN STOCKBAUER DR,,28.85688611,-96.9865,8,0,1,1,0,1,2,1,1,0
48,2017481292,481292,2,0,2,201,480,9,5,2017,3,12,7,3,SR-330 SPUR,,29.78246944,-95.0305,12,7,18,1,0,1,1,1,1,0
48,2017481293,481293,2,0,6,215,0,10,5,2017,4,21,0,4,CR-SALIDA DEL SOL DR,,26.324875,-98.4398,12,2,1,1,0,4,2,1,1,0
48,2017481294,481294,2,0,7,199,0,13,5,2017,7,13,18,8,FM 92,BEN D SMITH RD,30.419125,-94.1822,12,6,2,2,0,1,1,1,1,0
48,2017481295,481295,2,0,2,497,0,16,5,2017,3,13,39,8,FM 730,,33.021525,-97.5461,12,2,1,1,0,1,1,1,1,1
48,2017481296,481296,2,0,2,453,330,17,5,2017,4,13,15,6,METROPOLIS DR,,30.20658056,-97.699,12,1,1,1,0,1,1,1,1,0
48,2017481297,481297,1,1,1,167,2570,18,5,2017,5,21,50,6,27TH ST,AVE N,29.29441389,-94.7951,9,0,2,2,0,1,1,1,1,0
48,2017481298,481298,1,0,1,201,3280,22,5,2017,2,9,42,7,I-10 EAST FWY,,29.77411111,-95.2465,33,0,19,1,0,4,1,2,1,0
48,2017481299,481299,2,0,3,201,3280,25,5,2017,5,21,1,6,DAIRY ASHFORD,,29.69313333,-95.6042,12,6,1,1,0,1,3,1,1,0
48,2017481300,481300,2,0,2,173,0,26,5,2017,6,16,45,3,SR-158,,31.80488333,-101.289,12,9,8,1,0,1,1,1,1,1
48,2017481301,481301,1,0,1,251,0,26,5,2017,6,18,7,8,FM 3136,,32.3942,-97.2404,1,0,1,1,0,4,1,10,1,0
48,2017481302,481302,1,0,4,141,9997,27,5,2017,7,23,20,1,I-10,,31.60643056,-106.198,57,0,1,1,0,3,2,1,1,0
48,2017481303,481303,2,0,2,323,0,27,5,2017,7,5,54,2,US-277,,28.97338056,-100.632,12,2,1,1,0,1,2,1,2,1
48,2017481304,481304,1,0,1,439,2450,27,5,2017,7,21,15,6,RIVERSIDE DR,,32.78528056,-97.3015,42,0,1,1,0,4,3,1,1,0
48,2017481305,481305,1,0,1,5,0,28,5,2017,1,2,57,8,FM 2680,,31.38028889,-94.7551,42,0,1,1,0,5,2,1,1,1
48,2017481306,481306,7,0,12,201,3280,28,5,2017,1,12,16,1,I-45,,29.84993611,-95.3959,12,1,1,1,0,1,1,1,2,0
48,2017481307,481307,1,0,5,81,0,29,5,2017,2,5,23,3,SR-208,,32.07366111,-100.671,1,0,1,1,0,4,2,1,1,0
48,2017481308,481308,2,0,2,491,0,31,5,2017,4,15,40,8,FM 1660,,30.62843889,-97.5442,12,11,8,1,0,1,1,10,1,0
48,2017481309,481309,3,0,5,27,3690,1,6,2017,5,14,58,8,FM 3470 STAN SCHLUETER,BUNNY TRL,31.08556944,-97.7851,12,6,2,3,0,1,1,10,1,0
48,2017481310,481310,2,0,3,111,0,1,6,2017,5,11,18,2,US-87,,36.08103333,-102.545,12,6,1,1,1,11,1,1,2,0
48,2017481311,481311,1,0,1,113,1730,1,6,2017,5,20,43,3,SR-12 LOOP GREAT TRINITY FORES,,32.71069722,-96.7271,33,0,1,1,0,3,3,1,1,1
48,2017481312,481312,2,0,2,237,0,1,6,2017,5,10,20,2,US-281 RAMP,SR-114,33.26106111,-98.2703,12,6,20,1,0,1,1,2,1,0
48,2017481313,481313,1,0,1,267,0,1,6,2017,5,20,23,3,SR-481 LOOP,,30.481775,-99.7593,35,0,1,1,0,4,5,1,1,0
48,2017481314,481314,1,1,1,489,4180,1,6,2017,5,17,8,7,I-69,SR-112 SPUR BROADWAY AVE,26.4095,-97.7845,9,0,3,2,0,1,1,1,1,0
48,2017481315,481315,1,0,1,49,0,2,6,2017,6,15,30,8,FM 1689,,31.97960278,-98.8957,32,0,1,1,0,4,1,10,1,0
48,2017481316,481316,1,0,1,139,0,2,6,2017,6,23,8,8,FM 780,,32.52829722,-96.62,32,0,1,1,0,4,2,10,1,1
48,2017481317,481317,2,0,2,201,480,2,6,2017,6,18,49,6,BOB SMITH RD,,29.75561389,-94.9507,12,6,8,1,0,1,1,1,1,1
48,2017481318,481318,2,0,4,281,0,2,6,2017,6,14,58,2,US-281,CR-2207,31.11644167,-98.1932,12,6,2,4,0,1,1,1,1,0
48,2017481319,481319,2,1,2,439,2800,2,6,2017,6,4,55,1,I-20,,32.67674444,-97.0511,8,0,1,1,0,1,3,10,1,0
48,2017481320,481320,2,0,7,497,140,2,6,2017,6,11,53,2,US-81 US-287,,33.35812778,-97.7053,1,0,1,1,0,3,1,2,1,0
48,2017481321,481321,2,1,5,183,0,3,6,2017,7,21,36,3,SR-149 ESTES PKWY,,32.41892222,-94.7119,8,0,1,1,0,1,2,10,1,1
48,2017481322,481322,2,2,2,439,502,3,6,2017,7,19,43,3,SR-121 SR-183,,32.83722778,-97.127,14,0,19,1,0,4,1,1,1,0
48,2017481323,481323,2,0,2,121,1840,4,6,2017,1,2,12,1,I-35W,,33.17257778,-97.1807,12,1,1,1,0,1,2,10,1,0
48,2017481324,481324,2,0,3,201,0,4,6,2017,1,1,30,2,US-90 CROSBY FWY,,29.87655833,-95.0726,12,1,1,1,0,1,3,1,1,1
48,2017481325,481325,1,0,1,201,3280,4,6,2017,1,0,50,7,I-69 SOUTHWEST FWY,,29.71483611,-95.5019,31,0,1,1,0,4,3,2,1,1
48,2017481326,481326,1,0,1,491,5990,4,6,2017,1,1,50,6,FOREST CREEK DR,DOUBLE CREEK DR,30.50574444,-97.6445,33,0,3,3,0,4,3,2,1,1
48,2017481327,481327,3,0,4,41,970,5,6,2017,2,11,36,3,SR-6 EARL RUDDER FWY,,30.67224444,-96.3383,12,1,1,1,0,1,1,1,1,1
48,2017481328,481328,2,1,2,439,260,5,6,2017,2,5,18,3,SR-360,,32.71960556,-97.0626,12,1,1,1,0,1,6,10,2,0
48,2017481329,481329,1,0,1,29,6090,6,6,2017,3,4,27,1,I-410 CONNALLY LOOP,,29.51608056,-98.404,52,0,19,1,0,4,3,1,1,0
48,2017481330,481330,2,0,2,201,3280,6,6,2017,3,5,35,1,I-45 GULF FWY,,29.74678333,-95.3669,54,11,1,1,0,1,3,10,1,0
48,2017481331,481331,1,0,1,255,0,6,6,2017,3,16,47,4,CR-344,,28.85341667,-97.8511,1,0,1,1,0,1,1,1,1,0
48,2017481332,481332,4,0,7,439,2450,6,6,2017,3,17,32,6,PIPELINE RD,EULESS MAIN ST,32.82236389,-97.0824,12,6,2,2,0,1,1,1,2,1
48,2017481333,481333,2,0,3,479,3899,6,6,2017,3,20,49,1,I-35RAMP,,27.60678611,-99.495,12,2,20,1,0,1,3,1,1,0
48,2017481334,481334,2,0,2,165,0,7,6,2017,4,17,38,2,US-385,CR-320,32.65561667,-102.644,12,6,2,3,0,1,1,1,1,0
48,2017481335,481335,1,0,1,215,0,7,6,2017,4,12,5,4,CR-BRUSHLINE RD,,26.30542778,-98.3802,34,0,1,1,0,4,1,1,1,0
48,2017481336,481336,1,0,2,367,364,7,6,2017,4,22,45,3,SR-199 NORTHWEST PARKWAY,,32.90558889,-97.5649,1,0,1,1,0,4,2,1,1,1
48,2017481337,481337,2,0,6,497,0,7,6,2017,4,3,9,2,US-81 US-287,CR-1595,33.39670833,-97.7321,12,6,2,2,0,1,2,1,1,0
48,2017481338,481338,1,0,1,201,0,8,6,2017,5,2,20,7,SL-8 SAM HOUSTON PWKY,,29.81265833,-95.1634,33,0,1,1,0,4,3,1,1,1
48,2017481339,481339,2,0,2,499,4610,8,6,2017,5,11,40,2,US-69 GREENVILLE AVE,,32.68010556,-95.4904,12,1,8,1,0,1,1,1,1,0
48,2017481341,481341,1,0,1,141,2190,9,6,2017,6,2,18,3,SR-375 LOOP CESAR CHAVEZ,,31.75104722,-106.474,25,0,1,1,0,4,3,1,1,0
48,2017481342,481342,2,0,2,339,1510,9,6,2017,6,0,14,8,FM 3083 BEACH AIRPORT RD,,30.33431389,-95.4256,12,6,8,1,0,1,2,1,1,2
48,2017481343,481343,1,1,3,439,2450,9,6,2017,6,0,15,6,RAMEY AVE,,32.7212,-97.2566,8,0,1,1,0,1,2,1,1,0
48,2017481344,481344,2,0,2,113,1730,10,6,2017,7,23,57,3,SR-12 LOOP NORTHWEST HWY,SS-244 BUCKNER BLVD,32.86095556,-96.7197,12,6,2,3,0,1,3,1,1,1
48,2017481345,481345,3,5,2,375,150,10,6,2017,7,9,5,1,I-40,,35.19268611,-101.756,54,11,1,1,1,1,1,1,3,0
48,2017481346,481346,2,0,3,453,330,10,6,2017,7,22,28,6,ANDERSON LANE,,30.35055,-97.7191,12,2,1,1,0,1,3,1,1,0
48,2017481347,481347,1,1,1,89,0,11,6,2017,1,22,32,1,I-10,,29.74239167,-96.326,9,0,1,1,0,1,2,1,1,0
48,2017481348,481348,1,0,1,139,2240,11,6,2017,1,5,55,8,INTERSTATE 45 BUSINESS,,32.33693056,-96.6298,30,0,1,1,0,4,4,1,1,1
48,2017481349,481349,3,0,4,201,3280,11,6,2017,1,1,23,8,SL-8 SAM HOUSTON PKWY,,29.66795556,-95.5602,12,2,1,1,0,1,3,1,1,2
48,2017481350,481350,2,0,1,349,1570,11,6,2017,1,18,52,6,BUNERT ST,,32.106975,-96.4584,14,0,1,1,0,5,1,1,1,1
48,2017481351,481351,1,0,1,439,260,11,6,2017,1,1,36,3,SR-360 WATSON RD RAMP,,32.74369167,-97.0633,1,0,20,1,0,1,3,1,1,0
48,2017481352,481352,1,0,3,439,2450,12,6,2017,2,0,20,6,HAMPSHIRE BLVD,,32.73656667,-97.2638,42,0,1,1,0,4,2,1,1,0
48,2017481353,481353,2,0,3,441,4500,8,2,2017,4,10,54,1,I-20,,32.46535556,-99.9715,12,11,1,1,0,1,1,1,1,0
48,2017481354,481354,2,0,2,167,3920,27,2,2017,2,5,5,8,FM 646,FM 270,29.48823056,-95.059,12,6,2,2,0,1,2,1,1,0
48,2017481355,481355,2,0,2,325,0,3,3,2017,6,7,52,8,FM 1283,,29.5187,-98.8177,12,1,1,1,0,4,1,10,1,0
48,2017481357,481357,1,0,1,291,1380,7,4,2017,6,16,9,2,US-59,,30.29298611,-95.12,1,0,1,1,0,3,1,1,1,0
48,2017481360,481360,2,0,2,453,330,1,5,2017,2,12,2,6,AIRPORT BLVD,38 HALF ST,30.28999167,-97.7074,12,1,3,2,0,1,1,1,1,0
48,2017481361,481361,2,0,2,371,2440,3,5,2017,4,22,51,3,SR-18 FRONT ST,,30.90455278,-102.884,12,1,8,1,0,1,3,1,1,1
48,2017481362,481362,1,0,1,201,3280,4,5,2017,5,19,4,6,MAYFAIR,,29.68717222,-95.3113,30,0,1,1,0,4,1,1,1,0
48,2017481363,481363,1,0,1,39,4306,7,5,2017,1,1,50,3,SR-288,,29.48345556,-95.4005,24,0,1,1,0,8,2,1,1,1
48,2017481364,481364,3,0,3,201,3280,10,5,2017,4,17,15,6,HEMPTEAD RD,,29.85812222,-95.5385,12,1,1,1,0,1,1,1,1,0
48,2017481365,481365,2,0,3,91,1012,15,5,2017,2,12,34,2,US-281,,29.80512222,-98.4176,12,6,7,1,0,1,1,1,1,0
48,2017481366,481366,2,0,4,135,0,20,5,2017,7,23,48,3,SR-338 LOOP,,31.82794722,-102.294,12,2,1,1,0,1,2,1,1,1
48,2017481367,481367,1,0,2,371,0,23,5,2017,3,1,0,1,I-10,,30.74360278,-101.869,1,0,1,1,0,3,2,2,1,0
48,2017481368,481368,1,0,1,93,0,26,5,2017,6,15,1,2,US-67,,31.87443056,-98.707,1,0,1,1,0,1,1,1,1,0
48,2017481369,481369,2,0,5,203,0,27,5,2017,7,16,28,2,US-80,,32.52222222,-94.4763,12,6,1,1,0,1,1,1,1,0
48,2017481370,481370,1,0,1,475,0,27,5,2017,7,0,45,1,I-20,,31.464375,-103.35,1,0,1,1,0,4,2,1,1,0
48,2017481371,481371,1,0,1,367,0,3,6,2017,7,8,35,8,FM 51 GRANBURY HWY,,32.67338056,-97.7687,38,0,1,1,0,5,1,2,1,0
48,2017481372,481372,1,0,1,39,0,5,6,2017,2,20,26,4,CR-224 HAMMOND RD,,29.12521389,-95.3667,32,0,1,1,0,4,2,10,1,1
48,2017481373,481373,1,2,1,291,0,5,6,2017,2,20,58,4,CR-647,,30.11211667,-94.8707,8,0,1,1,0,1,2,1,1,0
48,2017481374,481374,1,0,2,401,0,5,6,2017,2,10,43,4,CR-424,,32.15531667,-94.8542,1,0,1,1,0,1,1,1,1,0
48,2017481375,481375,2,0,2,453,330,5,6,2017,2,6,15,7,SR-71 BASTROP HWY,FM 973,30.20333611,-97.6394,12,6,2,2,0,1,1,1,1,0
48,2017481376,481376,1,0,1,465,0,5,6,2017,2,21,17,2,US-277,,29.69188333,-100.841,11,0,1,1,0,1,2,1,1,0
48,2017481377,481377,5,0,13,85,0,6,6,2017,3,16,4,3,SR-121 SAM RAYBURN HWY,CR-528,33.36415278,-96.4349,12,1,2,2,0,1,1,1,5,0
48,2017481378,481378,1,0,2,135,0,7,6,2017,4,21,0,2,US-385,,32.05963333,-102.442,1,0,1,1,0,4,2,1,1,0
48,2017481379,481379,2,0,6,171,0,7,6,2017,4,19,0,3,SR-16,,30.17865278,-99.0124,12,2,1,1,0,1,1,1,3,0
48,2017481380,481380,2,0,3,395,0,7,6,2017,4,5,10,2,US-190,,30.752225,-96.4643,12,1,1,1,0,1,2,1,1,0
48,2017481381,481381,3,0,3,177,0,8,6,2017,5,13,26,1,I-10,,29.6535,-97.4593,14,0,1,1,0,2,1,10,1,0
48,2017481382,481382,1,0,1,201,3280,8,6,2017,5,11,56,7,US-59 EASTEX FWY,,29.80280556,-95.3396,33,0,19,1,0,10,1,1,1,0
48,2017481383,481383,1,0,1,229,0,8,6,2017,5,23,48,1,I-10,,31.33024722,-105.88,1,0,1,1,0,1,2,1,1,1
48,2017481384,481384,3,0,3,231,0,8,6,2017,5,9,55,2,US-69 JOE RAMSEY BLVD,,33.16478333,-96.135,12,2,1,1,0,1,1,1,2,0
48,2017481385,481385,1,0,1,253,0,8,6,2017,5,22,27,2,US-83,,32.5483,-99.7755,1,0,1,1,0,10,2,1,1,0
48,2017481386,481386,2,0,3,285,0,8,6,2017,5,16,30,2,US-90 ALT,,29.428,-97.0518,12,6,1,1,0,1,1,1,1,0
48,2017481387,481387,2,0,2,301,0,8,6,2017,5,6,10,8,RM 652,CR-300,31.97169722,-103.744,12,6,2,2,0,1,2,1,1,0