STATE,YEAR_ST_CASE,ST_CASE,VE_TOTAL,PEDS,PERSONS,COUNTY,CITY,DAY,MONTH,YEAR,DAY_WEEK,HOUR,MINUTE,ROUTE,TWAY_ID,TWAY_ID2,LATITUDE,LONGITUD,HARM_EV,MAN_COLL,RELJCT2,TYP_INT,WRK_ZONE,REL_ROAD,LGT_COND,WEATHER,FATALS,DRUNK_DR
48,2017481563,481563,2,0,5,267,0,30,6,2017,6,19,2,2,US-83,,30.70663611,-99.7713,12,8,1,1,0,1,1,1,2,0
48,2017481564,481564,2,0,2,21,0,1,7,2017,7,3,20,3,SR-21,,30.09346667,-97.4699,12,2,1,1,1,1,2,10,1,0
48,2017481565,481565,2,1,3,99,0,1,7,2017,7,23,1,2,US-84,,31.47370556,-98.0978,8,0,1,1,0,1,2,1,1,0
48,2017481566,481566,1,0,1,113,1730,1,7,2017,7,3,39,2,US-67 MARVIN D LOVE FWY,,32.70689444,-96.8303,24,0,19,1,0,4,3,2,1,1
48,2017481567,481567,1,1,3,141,2190,1,7,2017,7,20,57,6,WESTWIND DR,REDD RD,31.86224444,-106.55,38,0,8,1,0,5,3,1,1,1
48,2017481568,481568,1,0,1,201,3280,1,7,2017,7,2,14,1,I-610 NORTH LP,,29.80922222,-95.3234,25,0,1,1,0,3,3,1,1,1
48,2017481569,481569,1,0,1,303,4140,1,7,2017,7,2,29,6,ABERDEEN AVE,,33.54407778,-101.924,93,0,1,1,0,5,2,2,1,1
48,2017481570,481570,1,1,2,303,4140,1,7,2017,7,17,35,8,FM 2528 FRANKFORD AVE,6TH ST,33.59029444,-101.94,15,0,3,2,0,1,1,1,1,0
48,2017481571,481571,2,0,6,351,0,1,7,2017,7,21,8,3,SR-87,FM 2460,30.6683,-93.8098,12,6,2,3,0,1,2,1,1,1
48,2017481572,481572,2,0,2,363,0,1,7,2017,7,20,15,2,US-281,,32.63790278,-98.1041,12,2,1,1,0,1,1,1,1,0
48,2017481573,481573,1,0,2,29,6090,2,7,2017,1,23,11,6,CULEBRA RD,,29.45373333,-98.6313,23,0,1,1,0,4,3,1,1,1
48,2017481574,481574,1,1,1,29,6090,2,7,2017,1,21,30,8,SS-421 BANDERA RD,,29.46476667,-98.565,8,0,1,1,0,1,2,1,1,0
48,2017481575,481575,2,0,4,85,5730,2,7,2017,1,6,36,2,US-75 CENTRAL EXPWY,,32.98725,-96.7108,12,1,1,1,1,1,4,1,1,1
48,2017481576,481576,1,1,1,113,1730,2,7,2017,1,0,1,6,CAMP WISDOM RD,,32.66230556,-96.8259,8,0,1,1,1,1,2,10,1,0
48,2017481577,481577,1,1,1,163,4674,2,7,2017,1,21,5,7,I-35,,29.05573056,-99.0101,8,0,1,1,0,1,3,1,1,0
48,2017481578,481578,2,0,5,329,4560,2,7,2017,1,23,33,3,SR-191,,31.98937778,-102.187,12,2,1,1,0,1,3,1,5,1
48,2017481580,481580,2,0,4,439,0,2,7,2017,1,16,21,4,CR-MORRIS DIDO NEWARK RD,,32.98901667,-97.4672,12,6,1,1,0,1,1,1,1,0
48,2017481581,481581,2,0,2,439,2450,2,7,2017,1,6,35,6,ALTAMESA BLVD,WILL ROGERS BLVD,32.65323333,-97.313,12,6,2,3,0,1,1,1,1,0
48,2017481582,481582,1,0,1,485,0,2,7,2017,1,18,30,8,FM 171 UPPER CHARLIE ROAD,,33.96475278,-98.4657,1,0,1,1,0,4,1,1,1,0
48,2017481583,481583,2,0,2,27,0,3,7,2017,2,8,0,3,SR-317,,31.25948611,-97.3796,18,0,1,1,1,4,1,1,1,0
48,2017481584,481584,1,0,1,27,3690,3,7,2017,2,20,38,6,8 TH STREET,,31.11535556,-97.7281,42,0,1,1,0,4,6,1,1,1
48,2017481585,481585,3,0,4,31,5985,3,7,2017,2,11,32,2,US-281,,30.46130278,-98.33,12,6,1,1,0,1,1,1,2,0
48,2017481586,481586,3,0,8,75,0,3,7,2017,2,21,50,2,US-287,,34.38308611,-100.07,12,1,1,1,0,1,5,6,2,0
48,2017481587,481587,1,0,1,113,1730,3,7,2017,2,19,26,1,I-35 RL THORNTON PKWY,,32.63782222,-96.8233,38,0,1,1,0,4,1,1,1,0
48,2017481588,481588,1,0,2,121,1840,3,7,2017,2,22,41,1,I-35 RAMP,,33.16936389,-97.1821,33,0,5,1,0,8,2,1,2,0
48,2017481589,481589,2,0,3,157,0,3,7,2017,2,23,37,3,SR-99 GRAND PARKWAY,,29.67636667,-95.7587,12,2,1,1,0,1,2,1,1,0
48,2017481590,481590,2,2,1,167,2570,3,7,2017,2,0,55,1,I-45 J AVENUE,,29.2858,-94.866,14,0,1,1,0,2,3,1,2,0
48,2017481591,481591,1,1,2,201,3280,3,7,2017,2,21,31,2,US-90 ALT OLD SPANISH TRL,,29.70241667,-95.3582,8,0,1,1,0,1,3,1,1,0
48,2017481592,481592,2,0,5,201,3280,3,7,2017,2,19,34,6,LOCKWOOD DR,NICHOLS ST,29.78124167,-95.3158,12,6,2,2,0,1,1,1,1,0
48,2017481593,481593,2,1,2,229,0,3,7,2017,2,1,43,1,I-10,,31.37793889,-105.921,8,0,1,1,0,1,2,1,1,0
48,2017481594,481594,2,0,2,297,0,3,7,2017,2,6,15,2,US-59,,28.34196944,-97.9838,25,0,1,1,0,4,1,10,2,0
48,2017481595,481595,1,1,1,309,545,3,7,2017,2,21,14,2,US-77L BUSINESS NEW DALLAS HWY,MONTROSE ST,31.592825,-97.114,8,0,3,2,0,1,2,1,1,0
48,2017481596,481596,3,0,5,3,0,4,7,2017,3,20,9,3,SR-176,,32.32528333,-102.474,12,1,8,1,0,1,1,1,2,0
48,2017481597,481597,1,0,2,113,1730,4,7,2017,3,5,52,6,SARGENT RD,,32.72557778,-96.7711,31,0,1,1,0,4,3,2,2,0
48,2017481598,481598,1,0,2,113,1730,4,7,2017,3,14,23,6,DOLPHIN RD,,32.77828056,-96.7378,21,0,1,1,0,3,1,1,2,0
48,2017481599,481599,2,1,4,113,1730,4,7,2017,3,20,22,6,LAKE JUNE RD,,32.73404444,-96.6458,12,6,8,1,0,1,1,1,1,0
48,2017481600,481600,1,0,2,405,0,4,7,2017,3,23,0,8,FM 83,,31.27444444,-94.1459,38,0,1,1,0,5,2,1,1,0
48,2017481601,481601,2,0,4,425,0,4,7,2017,3,17,47,2,US-67,,32.20561944,-97.7924,12,6,1,1,0,1,1,1,2,1
48,2017481602,481602,1,0,1,453,0,4,7,2017,3,1,37,8,FM 812,,30.14373333,-97.6716,32,0,1,1,0,4,2,1,1,1
48,2017481603,481603,1,1,1,91,4870,5,7,2017,4,0,5,3,SR-46,,29.69131667,-98.0773,8,0,1,1,0,1,2,1,1,0
48,2017481604,481604,1,0,1,111,0,5,7,2017,4,16,13,3,SR-102,,36.14227222,-103.003,1,0,1,1,0,4,1,1,1,0
48,2017481605,481605,1,0,2,113,1730,5,7,2017,4,0,36,6,TATO DR,,32.71849167,-96.9117,5,0,1,1,0,1,2,1,1,0
48,2017481606,481606,1,0,1,113,2800,5,7,2017,4,16,15,3,SR-303 SPUR PIONEER PKWY,,32.70610833,-96.9881,52,0,1,1,0,4,1,1,1,1
48,2017481608,481608,3,0,4,309,7210,5,7,2017,4,23,20,2,US-77 BUSINESS LOOP DR,,31.58058056,-97.1147,12,6,1,1,0,1,3,1,1,1
48,2017481609,481609,1,1,1,325,0,5,7,2017,4,22,5,1,I-35,,29.19811389,-98.8256,8,0,1,1,0,1,2,1,1,0
48,2017481610,481610,1,3,1,329,4560,5,7,2017,4,22,18,6,MARK LN,,32.01134167,-102.144,41,0,1,1,0,4,3,1,1,1
48,2017481611,481611,1,0,1,371,0,5,7,2017,4,15,9,1,I-10,,30.89389722,-102.378,1,0,1,1,0,3,1,10,1,0
48,2017481612,481612,1,0,2,475,0,5,7,2017,4,13,50,1,I-20,,31.53738056,-103.076,1,0,1,1,1,3,1,1,1,0
48,2017481613,481613,2,0,6,5,0,6,7,2017,5,12,35,2,US-59,RIVER CREST RD,31.42115,-94.7235,12,6,3,3,1,1,1,1,1,0
48,2017481614,481614,1,0,2,177,0,7,7,2017,6,20,57,2,US-90 A,,29.51077778,-97.6346,42,0,1,1,0,4,5,1,2,0
48,2017481615,481615,2,0,3,41,970,8,7,2017,7,21,21,7,SR-6 EARL RUDDER FWY,OLD RELIANCE RD,30.68848889,-96.349,12,6,2,2,0,1,3,10,1,1
48,2017481616,481616,1,1,1,121,3157,8,7,2017,7,0,2,6,HARBOR LN,,33.11564167,-97.0525,8,0,1,1,0,1,6,1,1,0
48,2017481617,481617,1,0,1,453,330,8,7,2017,7,0,30,8,FM 2222,,30.38057778,-97.8087,52,0,1,1,0,4,3,1,1,1
48,2017481618,481618,2,0,2,61,3030,9,7,2017,1,21,15,8,FM 106,FM 509,26.1908,-97.6324,12,6,2,2,0,1,3,1,1,0
48,2017481619,481619,1,1,1,213,0,9,7,2017,1,21,8,2,US-175,,32.22586944,-95.8845,8,0,1,1,0,1,2,1,1,0
48,2017481620,481620,2,0,4,303,4140,9,7,2017,1,17,13,6,INDIANA AVE,BAYLOR ST,33.60131944,-101.888,12,6,2,3,0,1,1,10,1,0
48,2017481621,481621,1,0,1,355,1550,9,7,2017,1,17,40,7,I-37,,27.80386944,-97.4646,24,0,1,1,0,10,1,1,1,1
48,2017481622,481622,1,0,5,439,2450,9,7,2017,1,7,5,1,I-35,WESTERN CENTER BLVD,32.86236667,-97.3149,25,0,19,1,0,3,1,10,1,0
48,2017481623,481623,1,0,1,123,0,10,7,2017,2,11,15,8,FM 240,,29.08720833,-97.4859,1,0,1,1,0,4,1,1,1,0
48,2017481624,481624,1,0,1,141,2190,10,7,2017,2,0,49,3,SR-375 LOOP,,31.68601389,-106.3,52,0,19,1,0,3,3,1,1,1
48,2017481625,481625,1,0,2,213,300,10,7,2017,2,20,40,6,WOOD ST,,32.20943056,-95.8368,42,0,1,1,0,4,1,10,1,0
48,2017481626,481626,3,2,1,139,2240,11,7,2017,3,3,1,1,I-45,,32.32011111,-96.6054,12,1,1,1,0,1,2,10,1,0
48,2017481627,481627,1,1,1,201,480,11,7,2017,3,20,40,6,MAIN ST,,29.76926667,-94.964,33,0,1,1,0,4,3,1,1,0
48,2017481628,481628,1,1,1,309,7210,12,7,2017,4,15,30,3,SR-396 LOOP,FORT AVE,31.52944167,-97.177,8,0,3,3,0,1,1,1,1,0
48,2017481629,481629,2,0,2,113,1730,13,7,2017,5,10,8,7,I-635 LBJ FWY,WELCH RD,32.92648611,-96.8287,12,6,2,2,0,1,1,1,1,0
48,2017481630,481630,1,0,2,201,0,13,7,2017,5,10,8,2,US-90,,29.85012222,-95.1342,52,0,19,1,0,3,1,2,1,0
48,2017481631,481631,2,0,2,471,0,14,7,2017,6,8,43,3,SR-19,,30.80731389,-95.446,12,1,1,1,0,1,1,1,1,0
48,2017481632,481632,1,1,1,375,150,15,7,2017,7,21,10,2,US-60 AMARILLO BLVD,GRANT ST,35.22196944,-101.825,8,0,3,2,0,1,3,10,1,0
48,2017481633,481633,2,1,2,439,2450,15,7,2017,7,22,50,8,SP 580 CAMP BOWIE WEST BLVD,,32.723825,-97.4551,8,0,1,1,0,1,2,10,1,0
48,2017481634,481634,1,0,4,459,0,15,7,2017,7,21,8,2,US-271,,32.69304167,-94.9414,1,0,1,1,0,4,2,1,1,0
48,2017481635,481635,1,0,1,85,5390,16,7,2017,1,1,38,6,DECATOR DR,,33.03101389,-96.7824,33,0,1,1,0,4,3,1,1,1
48,2017481636,481636,1,0,1,141,2190,16,7,2017,1,23,27,6,GEORGE DIETER,,31.78136389,-106.302,33,0,1,1,0,3,2,10,1,1
48,2017481637,481637,1,1,1,113,1730,19,2,2017,1,2,25,2,US-175 SM WRIGHT FWY,,32.76495833,-96.7743,8,0,1,1,0,1,3,1,1,0
48,2017481638,481638,2,0,2,113,1730,28,5,2017,1,5,40,1,I-30 RL THORNTON FWY,,32.79310556,-96.7274,25,0,19,1,0,4,3,10,1,1
48,2017481639,481639,2,0,2,203,0,3,6,2017,7,16,14,2,US-59,,32.67186667,-94.3419,12,6,1,1,0,1,1,2,1,0
48,2017481640,481640,2,0,3,121,320,10,6,2017,7,12,42,2,US-377,,33.36231389,-96.9653,1,0,1,1,0,1,1,1,2,1
48,2017481641,481641,1,0,4,107,0,17,6,2017,7,6,0,3,SR-207,,33.44612222,-101.384,1,0,1,1,0,4,2,1,1,0
48,2017481642,481642,2,0,3,91,1012,20,6,2017,3,16,30,2,US-281,,29.80460278,-98.4173,12,1,1,1,0,1,1,1,1,0
48,2017481643,481643,1,0,2,201,0,17,6,2017,7,14,0,4,CR-SHELDON RD,CR-AVE C,29.78276111,-95.1245,30,0,3,2,0,4,1,1,1,0
48,2017481644,481644,2,0,3,113,2590,25,6,2017,1,17,30,6,FOREST LN,,32.90902778,-96.6939,12,1,1,1,0,1,1,1,1,0
48,2017481645,481645,2,0,2,113,1730,26,6,2017,2,6,26,1,I-30 RAMP RL THORNTON FWY,,32.76966111,-96.8044,12,1,20,1,0,1,1,1,1,0
48,2017481646,481646,1,0,3,73,0,29,6,2017,5,18,30,8,FM 851,,31.68446389,-95.0688,53,0,1,1,0,4,1,1,1,1
48,2017481647,481647,1,0,3,453,9997,30,6,2017,6,22,35,7,I-35,,30.47782222,-97.6736,5,0,1,1,0,1,3,1,1,0
48,2017481648,481648,1,0,1,85,2520,3,7,2017,2,19,58,6,SAM RAYBURN TLWY,,33.11634722,-96.7583,31,0,1,1,0,3,1,10,1,0
48,2017481649,481649,2,0,2,291,1380,3,7,2017,2,16,20,2,US-59 RAMP,,30.373875,-95.0708,12,1,20,1,0,1,1,1,1,0
48,2017481650,481650,1,0,1,469,0,2,7,2017,1,0,9,2,US-59,,28.72965,-97.0419,25,0,19,1,0,4,2,1,1,1
48,2017481651,481651,1,1,1,29,6090,4,7,2017,3,22,14,6,CRAINWOOD,,29.57308611,-98.3719,8,0,1,1,0,1,3,1,1,0
48,2017481652,481652,1,1,1,53,4310,4,7,2017,3,22,43,6,YETT ST,MAIN ST,30.56923611,-98.2791,8,0,3,2,0,1,3,1,1,1
48,2017481653,481653,2,0,3,201,0,4,7,2017,3,17,42,4,CR-JOAN OF ARC,CR-REUBEN WHITE DR,29.868325,-95.0508,12,6,2,2,0,1,1,1,1,1
48,2017481654,481654,1,0,2,201,3280,4,7,2017,3,19,47,6,RICHMOND AVE,,29.72764444,-95.5383,33,0,1,1,0,4,1,1,1,1
48,2017481655,481655,1,0,7,323,0,4,7,2017,3,19,29,8,FM 481,,29.00130278,-100.186,1,0,1,1,0,4,1,1,1,0
48,2017481656,481656,2,0,2,331,0,4,7,2017,3,22,21,2,US-79,,30.74265,-96.7814,12,2,1,1,0,1,2,1,2,1
48,2017481657,481657,2,0,2,135,5030,5,7,2017,4,18,7,6,WILSHIRE DR,,31.86466389,-102.364,12,6,1,1,0,1,1,10,1,1
48,2017481658,481658,3,0,10,181,7130,5,7,2017,4,12,38,2,US-75,,33.421475,-96.5888,14,0,1,1,1,2,1,1,1,0
48,2017481659,481659,2,0,2,21,0,6,7,2017,5,0,12,3,SR-21,,30.08428333,-97.5464,12,6,1,1,0,1,2,1,1,0
48,2017481660,481660,2,0,3,477,1287,6,7,2017,5,7,37,2,US-390,FM 1155 MAIN ST,30.13528889,-96.2571,12,6,2,2,0,1,1,1,1,0
48,2017481661,481661,2,0,2,497,0,6,7,2017,5,16,5,8,FM 2123,,33.07535278,-97.6632,12,2,1,1,0,1,1,1,1,0
48,2017481662,481662,1,0,2,27,4924,7,7,2017,6,21,30,6,PLEASANT HILL RD,,31.08656944,-97.6261,18,0,1,1,0,4,2,1,1,1
48,2017481663,481663,2,0,2,149,0,7,7,2017,6,17,54,2,US-77,FM 1482,30.05541944,-96.9142,12,6,2,3,0,1,1,2,1,1
48,2017481664,481664,1,0,4,201,3280,7,7,2017,6,0,56,6,FM 526 MAXEY RD,,29.79337778,-95.2187,18,0,1,1,0,4,3,1,1,0
48,2017481665,481665,2,0,2,205,1720,7,7,2017,6,19,24,2,US-87,16TH STREET,36.05088333,-102.501,12,6,2,2,0,1,1,1,1,0
48,2017481666,481666,2,0,2,379,2220,7,7,2017,6,10,25,2,US-69 LENNON ST,,32.87477778,-95.768,12,6,8,1,0,1,1,1,1,0
48,2017481667,481667,3,0,10,467,0,7,7,2017,6,21,53,1,I-20,,32.5348,-95.7358,12,1,1,1,0,1,2,1,2,0
48,2017481668,481668,1,1,2,201,0,8,7,2017,7,22,7,4,CR-ELLA BLVD,,30.00284167,-95.4423,8,0,1,1,0,1,2,10,1,0
48,2017481669,481669,2,0,3,303,0,8,7,2017,7,14,20,2,US-62 IDALOU RD,FM 1729,33.64760278,-101.732,12,6,2,2,0,1,1,1,2,0
48,2017481670,481670,1,0,4,329,0,8,7,2017,7,22,25,3,SR-349 TOM CRADDOCK HWY,,32.07746389,-102.171,1,0,1,1,0,4,2,1,1,0
48,2017481671,481671,1,0,1,439,2450,9,7,2017,1,6,11,1,I-30 RAMP,,32.75920556,-97.2117,1,0,5,1,0,4,4,1,1,0
48,2017481672,481672,3,0,8,441,30,9,7,2017,1,19,4,1,I-20,,32.48548889,-99.7616,12,9,18,1,0,1,1,2,1,0
48,2017481673,481673,1,0,1,467,0,9,7,2017,1,9,41,3,SR-64,,32.40679722,-95.5968,32,0,1,1,0,4,1,1,1,0
48,2017481674,481674,2,0,2,287,0,10,7,2017,2,19,29,2,US-77,,30.43203611,-97.0101,1,0,1,1,0,1,1,1,1,1
48,2017481675,481675,2,0,2,325,0,10,7,2017,2,15,35,8,FM 471,,29.47793889,-98.8585,12,6,1,1,0,1,1,1,1,0
48,2017481676,481676,1,0,1,355,0,11,7,2017,3,20,47,8,FM 24,,27.79754444,-97.6038,42,0,1,1,0,5,2,1,1,0
48,2017481677,481677,2,0,2,39,0,12,7,2017,4,17,52,8,FM 2611,,28.94678889,-95.5588,12,2,8,1,0,1,1,1,1,1
48,2017481678,481678,1,0,1,113,1190,12,7,2017,4,23,54,1,I-35,,32.96118333,-96.9154,18,0,1,1,1,10,3,1,1,0
48,2017481679,481679,1,0,2,201,0,12,7,2017,4,22,23,3,SR-249,,29.93997222,-95.5204,59,0,19,1,0,10,3,1,1,0
48,2017481680,481680,2,0,4,201,3280,12,7,2017,4,20,15,6,ALDINE WESTFIELD RD,PARKER DR,29.85943056,-95.3499,12,6,2,2,0,1,1,1,1,0
48,2017481681,481681,1,0,2,209,6170,12,7,2017,4,11,15,3,SR-123,,29.85387222,-97.9399,38,0,1,1,0,4,1,1,1,0
48,2017481682,481682,1,0,1,215,0,12,7,2017,4,5,30,4,CR-MILE 11 NORTH RD,,26.21465556,-97.9145,42,0,1,1,0,4,2,2,1,0
48,2017481683,481683,2,0,2,281,0,12,7,2017,4,12,51,8,FM 580,,31.09976111,-98.3471,12,2,1,1,0,1,1,1,1,1
48,2017481684,481684,1,0,3,479,3899,12,7,2017,4,1,14,7,I-35,,27.62841667,-99.4896,52,0,1,1,0,10,2,1,2,1
48,2017481685,481685,1,2,1,61,940,13,7,2017,5,12,55,3,SR-58 PADRE ISLAND HWY,,25.92756944,-97.4547,8,0,1,1,0,2,1,10,2,0
48,2017481686,481686,1,0,2,113,1730,13,7,2017,5,2,20,3,SR-180 DAVIS ST,,32.74972222,-96.8781,33,0,1,1,0,3,3,1,1,0
48,2017481687,481687,1,0,1,331,0,13,7,2017,5,4,55,2,US-190,,30.89855,-97.1699,52,0,1,1,0,4,2,1,1,1
48,2017481688,481688,1,1,2,339,0,13,7,2017,5,21,50,4,CR-CROCKETT MARTIN RD,,30.31463611,-95.3195,8,0,1,1,0,1,2,1,1,0
48,2017481689,481689,2,0,2,451,0,13,7,2017,5,18,11,2,US-87,APACHE TRL,31.53525833,-100.491,12,6,2,3,0,1,1,1,1,0
48,2017481690,481690,3,0,2,453,330,13,7,2017,5,20,59,3,SR-360 LOOP CAPITAL OF TX HWY,COURTYARD DR,30.35244167,-97.7953,12,6,2,2,0,1,3,1,1,0
48,2017481691,481691,1,1,1,503,0,13,7,2017,5,18,30,2,US-380,,33.11697778,-98.5491,8,0,1,1,0,1,1,1,1,0
48,2017481692,481692,1,0,1,27,6810,14,7,2017,6,0,31,1,I-35,,31.08760278,-97.3971,1,0,1,1,1,1,2,1,1,1
48,2017481693,481693,1,0,1,85,5390,14,7,2017,6,13,35,6,COIT RD,,33.00375556,-96.7679,43,0,8,1,0,5,1,1,1,0
48,2017481694,481694,2,0,3,177,0,14,7,2017,6,12,26,1,I-10,,29.65127778,-97.5186,12,1,1,1,0,1,1,1,1,0
48,2017481695,481695,1,0,1,339,0,14,7,2017,6,16,33,4,CR-SUPERIOR RD,,30.23861389,-95.6302,30,0,1,1,0,4,1,10,1,1
48,2017481696,481696,2,0,8,353,0,14,7,2017,6,16,54,3,SR-70,,32.33193333,-100.349,12,6,1,1,0,2,1,1,1,0
48,2017481697,481697,2,0,2,425,0,14,7,2017,6,5,55,2,US-67,,32.27925833,-97.6278,12,2,1,1,0,1,2,1,1,1
48,2017481698,481698,1,1,1,441,30,14,7,2017,6,0,13,7,I-20 STAMFORD,,32.48550278,-99.7127,8,0,1,1,0,1,2,1,1,0
48,2017481699,481699,1,0,1,85,92,15,7,2017,7,3,6,6,2000 W EXCHANGE PKWY,,33.12680556,-96.7203,33,0,1,1,0,4,3,1,1,1
48,2017481700,481700,1,0,1,183,4080,15,7,2017,7,23,45,1,I-20,,32.44366111,-94.7271,10,0,1,1,0,3,3,10,1,0
48,2017481701,481701,1,0,1,203,0,15,7,2017,7,2,20,4,CR-BOARDS FERRY RD,,32.39121944,-94.3721,32,0,1,1,0,4,2,1,1,1
48,2017481702,481702,1,0,1,215,0,15,7,2017,7,0,50,4,CR-INSPIRATION RD,,26.27550833,-98.34,53,0,1,1,0,4,2,1,1,1
48,2017481703,481703,1,1,1,215,4197,15,7,2017,7,2,21,2,US-83 BUSINESS,15TH ST,26.20444167,-98.2356,8,0,3,2,0,1,3,1,1,1
48,2017481704,481704,2,0,2,389,5125,15,7,2017,7,11,35,2,US-285,,31.824175,-103.908,12,2,1,1,0,1,1,10,1,0
48,2017481705,481705,1,0,2,55,0,16,7,2017,1,14,32,8,FM 2001,,29.90653889,-97.7039,42,0,1,1,0,4,1,1,2,0
48,2017481706,481706,1,0,1,113,1730,16,7,2017,1,2,47,1,I-635 LBY FWY,,32.92492778,-96.7983,25,0,1,1,0,3,3,1,1,1
48,2017481707,481707,1,0,1,215,1970,16,7,2017,1,2,15,6,VALVERDE RD,,26.1878,-98.0856,24,0,1,1,0,4,6,10,1,0
48,2017481708,481708,1,0,2,231,2860,16,7,2017,1,19,55,1,I-30,,33.09915833,-96.1054,24,0,1,1,0,10,1,1,1,1
48,2017481709,481709,1,0,1,289,0,16,7,2017,1,6,40,2,US-79,,31.54968056,-95.9297,38,0,1,1,0,5,4,1,1,0
48,2017481710,481710,1,0,1,331,0,16,7,2017,1,10,53,8,FM 487,,30.67845556,-97.0075,59,0,1,1,0,4,1,10,1,0
48,2017481711,481711,8,0,11,113,1730,17,7,2017,2,10,15,1,I-35E STEMMONS FWY,,32.89956111,-96.8981,12,6,1,1,0,1,1,1,1,0
48,2017481712,481712,1,1,1,201,0,17,7,2017,2,21,55,4,CR-VETERANS MEMORIAL DR,,29.95596944,-95.4741,9,0,1,1,0,2,2,1,1,0
48,2017481713,481713,2,0,2,201,3280,17,7,2017,2,20,32,3,SR-249 MOUNT HOUSTON RD,DEER TRAIL DR,29.89804167,-95.4226,12,6,2,3,0,1,6,1,1,1
48,2017481714,481714,1,1,1,303,4140,18,7,2017,3,22,59,6,QUAKER AVE,40TH ST,33.55723333,-101.905,8,0,3,3,0,1,3,1,1,0
48,2017481715,481715,2,0,2,315,0,18,7,2017,3,14,59,2,US-59,FM 2208,32.735175,-94.3532,12,1,3,2,0,1,1,1,1,0
48,2017481716,481716,1,0,1,423,0,18,7,2017,3,17,55,2,US-80,,32.67023889,-95.593,59,0,1,1,0,3,1,1,1,0
48,2017481717,481717,1,0,1,97,0,19,7,2017,4,4,46,8,FM 678,,33.68825,-97.0046,32,0,1,1,0,4,2,1,1,1
48,2017481718,481718,2,0,5,201,0,19,7,2017,4,6,30,4,CR-SJOLANDER RD,,29.78686944,-94.939,12,2,1,1,0,1,1,10,2,0
48,2017481719,481719,1,2,1,201,3280,19,7,2017,4,0,15,7,I-69 US-59 SOUTHWEST FWY,,29.65205,-95.5682,8,0,1,1,0,1,3,1,1,0
48,2017481720,481720,1,0,1,201,3280,19,7,2017,4,12,10,3,SR-288,,29.6863,-95.3788,1,0,18,1,1,1,1,1,1,0
48,2017481721,481721,1,1,1,21,0,20,7,2017,5,19,17,3,SR-21,,30.109,-97.4393,8,0,1,1,0,2,5,1,1,0
48,2017481722,481722,2,0,2,183,0,20,7,2017,5,20,53,2,US-259,,32.61280278,-94.7565,12,2,1,1,0,1,2,1,1,2
48,2017481723,481723,3,0,3,201,3280,20,7,2017,5,11,25,1,I-610 EAST LOOP N,,29.74099167,-95.2649,39,0,1,1,0,4,1,1,1,0
48,2017481724,481724,1,0,1,339,0,20,7,2017,5,0,17,4,CR-JACKSON RD,,30.32581111,-95.7585,30,0,1,1,0,4,2,1,1,1
48,2017481725,481725,2,0,3,497,0,20,7,2017,5,18,5,2,US-81,,33.26832778,-97.6182,12,7,1,1,0,1,1,1,1,1
48,2017481726,481726,1,0,1,141,2190,21,7,2017,6,7,44,6,ALABAMA ST,,31.83485556,-106.456,30,0,1,1,0,4,1,1,1,0
48,2017481727,481727,1,0,2,439,2450,21,7,2017,6,5,54,2,US-81 US-287,,32.90741667,-97.3408,1,0,1,1,0,4,2,1,1,0
48,2017481728,481728,1,1,3,297,6920,23,7,2017,1,4,34,1,I-37,,28.52104167,-98.1815,8,0,1,1,0,1,2,1,1,0
48,2017481729,481729,3,0,6,167,3920,6,4,2017,5,17,49,8,FM 518 MAIN ST,,29.50029722,-95.1268,12,1,1,1,0,1,1,1,1,1
48,2017481730,481730,5,2,1,241,3480,12,6,2017,2,11,52,2,US-96 WHEELER,,30.893475,-93.9927,19,0,1,1,0,5,1,10,2,0
48,2017481731,481731,2,0,2,229,0,16,6,2017,6,20,51,1,I-10,,31.19545,-105.733,12,1,1,1,0,1,2,1,1,0
48,2017481732,481732,1,1,1,225,2840,28,6,2017,4,17,11,2,US-287,FM 2423 HOLLY ST,31.487025,-95.4711,9,0,2,2,0,1,1,1,1,0
48,2017481733,481733,2,0,2,39,130,3,7,2017,2,11,42,3,SR-35 ALVIN BYP,FM 528 FRIENDSWOOD RD,29.44808611,-95.2384,12,6,2,2,0,1,1,1,1,0