STATE,YEAR_ST_CASE,ST_CASE,VE_TOTAL,PEDS,PERSONS,COUNTY,CITY,DAY,MONTH,YEAR,DAY_WEEK,HOUR,MINUTE,ROUTE,TWAY_ID,TWAY_ID2,LATITUDE,LONGITUD,HARM_EV,MAN_COLL,RELJCT2,TYP_INT,WRK_ZONE,REL_ROAD,LGT_COND,WEATHER,FATALS,DRUNK_DR
48,2017481734,481734,1,0,2,229,0,4,7,2017,3,0,43,1,I-10,,31.19328611,-105.531,42,0,1,1,0,5,2,2,1,0
48,2017481735,481735,1,0,1,481,0,10,7,2017,2,13,50,8,FM 2546,,29.28698889,-96.2889,38,0,1,1,0,5,1,1,1,0
48,2017481736,481736,2,0,3,61,0,11,7,2017,3,8,55,3,SR-48,,25.97948056,-97.3454,12,2,1,1,0,1,1,10,1,0
48,2017481737,481737,6,0,8,309,7210,11,7,2017,3,14,17,1,I-35,,31.52436111,-97.134,12,7,1,1,0,1,1,1,3,0
48,2017481738,481738,3,0,4,283,0,12,7,2017,4,7,53,1,I-35,,28.30784722,-99.2721,12,8,1,1,0,1,1,10,1,0
48,2017481739,481739,2,0,2,497,0,12,7,2017,4,9,55,8,FM 2123,FM 51,33.07531389,-97.6494,12,6,2,2,0,1,1,1,1,0
48,2017481740,481740,1,1,1,203,0,13,7,2017,5,18,35,8,FM 450,,32.66211667,-94.5733,8,0,1,1,1,1,1,10,1,0
48,2017481741,481741,2,0,5,469,0,13,7,2017,5,22,43,2,US-87,,28.75228611,-96.9248,12,1,1,1,0,1,2,1,3,1
48,2017481742,481742,2,0,6,453,9997,14,7,2017,6,13,45,3,SR-71,ALBERT BROWN DR,30.18625,-97.5532,12,6,2,3,0,1,1,1,2,0
48,2017481743,481743,1,0,5,481,0,14,7,2017,6,7,36,3,SR-60,,29.16394444,-95.9981,1,0,1,1,0,4,1,1,1,0
48,2017481744,481744,1,1,1,187,0,14,7,2017,6,6,50,1,I-10,,29.65037778,-97.6489,8,0,1,1,0,1,2,1,1,0
48,2017481745,481745,1,0,7,335,0,16,7,2017,1,19,55,1,I-20,,32.39253056,-100.915,1,0,1,1,0,4,1,1,1,0
48,2017481746,481746,1,1,5,391,0,17,7,2017,2,1,59,2,US-77,,28.28214722,-97.2955,8,0,1,1,0,1,2,1,1,0
48,2017481747,481747,3,0,5,113,2590,18,7,2017,3,20,15,7,I-30,,32.84481667,-96.5838,12,1,1,1,0,1,1,1,1,1
48,2017481748,481748,2,0,2,201,0,18,7,2017,3,11,15,4,CR-HOLZWARTH RD,CR-MEADOW EDGE DR,30.05940556,-95.438,12,2,2,2,0,1,1,10,1,0
48,2017481749,481749,1,1,1,41,970,19,7,2017,4,19,14,8,FM 2818 HARVEY MITCHELL PKWY,,30.63955833,-96.3827,9,0,8,1,0,1,1,1,1,0
48,2017481750,481750,2,0,2,113,1730,19,7,2017,4,6,50,2,US-67 MARVIN D LOVE FWY,,32.700125,-96.8372,12,1,1,1,0,1,1,1,1,1
48,2017481751,481751,2,1,1,291,5674,20,7,2017,5,6,11,2,US-90,FM 770,30.04186944,-94.6721,14,0,3,3,0,5,4,1,1,0
48,2017481752,481752,2,0,2,61,0,22,7,2017,7,13,50,8,FM 506,,26.08623056,-97.8231,12,2,1,1,0,1,1,1,2,1
48,2017481753,481753,2,0,10,453,0,22,7,2017,7,17,43,6,BLAKE MANOR RD,TAYLOR LN,30.30080278,-97.5283,12,6,2,2,0,1,1,1,1,0
48,2017481754,481754,1,0,4,201,0,23,7,2017,1,21,8,4,CR-HOMESTEAD RD,,29.90154444,-95.3009,52,0,1,1,0,4,3,10,1,1
48,2017481755,481755,1,1,1,201,0,24,7,2017,2,3,50,7,I-69 US-59 EASTEX FWY,,29.89393056,-95.3168,8,0,1,1,0,1,3,10,1,0
48,2017481756,481756,1,0,4,29,6090,25,7,2017,3,3,30,6,WURZBACH PKWY,,29.56075278,-98.5088,42,0,1,1,0,8,3,10,1,1
48,2017481757,481757,3,2,1,29,6090,23,2,2017,5,20,4,6,WW WHITE RD,,29.42561667,-98.4056,8,0,1,1,0,1,3,1,1,1
48,2017481758,481758,2,0,3,439,4300,18,4,2017,3,21,7,2,US-287,,32.60355278,-97.1522,12,1,1,1,0,1,2,1,1,0
48,2017481759,481759,2,0,2,113,1730,23,4,2017,1,21,0,6,HAMPTON RD,ILLINOIS AVE,32.72022222,-96.857,12,1,2,2,0,1,3,1,1,1
48,2017481760,481760,1,0,1,167,3920,25,4,2017,3,21,7,8,FM 646,,29.4616,-95.0957,33,0,1,1,0,3,2,1,1,1
48,2017481761,481761,2,2,2,479,3899,10,6,2017,7,2,58,8,FM 1472 MINES RD,,27.59723333,-99.5147,8,0,1,1,0,1,3,1,2,1
48,2017481762,481762,2,0,2,451,0,17,6,2017,7,12,29,4,CR-KNICKERBOCKER RD,,31.38494167,-100.597,12,1,1,1,0,1,1,1,1,0
48,2017481763,481763,1,1,1,215,6160,22,6,2017,5,21,30,8,FM 1426 RAUL LONGORIA RD,,26.21070556,-98.1519,9,0,1,1,0,1,2,1,1,0
48,2017481764,481764,2,0,3,201,3280,25,6,2017,1,18,13,1,I-10 EAST FWY,,29.77732778,-95.2752,12,1,18,1,0,1,1,1,1,0
48,2017481765,481765,2,0,3,201,3890,28,6,2017,4,23,41,3,SR-225,,29.69809722,-95.0722,12,1,1,1,0,1,3,2,1,1
48,2017481766,481766,1,1,2,479,3899,4,7,2017,3,0,6,2,US-83,,27.44184722,-99.4786,8,0,1,1,0,1,3,1,1,0
48,2017481767,481767,1,0,1,49,0,10,7,2017,2,19,51,8,FM 1467,,31.76028611,-98.7958,38,0,1,1,0,5,1,1,1,1
48,2017481768,481768,4,0,6,309,4095,10,7,2017,2,22,0,1,I-35,,31.37879167,-97.214,12,1,1,1,1,1,2,1,1,0
48,2017481769,481769,1,0,3,13,0,12,7,2017,4,11,7,4,CR-MCCONNELL RD,,29.21704722,-98.7113,42,0,1,1,0,4,1,1,1,0
48,2017481770,481770,1,0,2,39,0,14,7,2017,6,5,40,4,CR-226,,29.04435,-95.3617,38,0,1,1,0,5,2,10,1,0
48,2017481771,481771,1,0,2,51,0,15,7,2017,7,21,40,4,CR-377,,30.56454722,-96.7187,42,0,1,1,0,4,2,1,1,1
48,2017481772,481772,1,0,2,231,0,17,7,2017,2,19,30,4,CR-3504,,32.97668611,-96.0662,53,0,1,1,0,4,1,1,1,0
48,2017481773,481773,1,0,1,21,460,18,7,2017,3,18,53,3,SR-21,,30.11036111,-97.2939,33,0,1,1,0,4,1,1,1,0
48,2017481774,481774,3,0,3,29,6090,19,7,2017,4,19,45,8,FM 2696 BLANCO RD,BROOKSTONE,29.59408889,-98.5113,12,6,2,2,0,1,5,1,1,0
48,2017481775,481775,1,0,1,259,0,19,7,2017,4,20,40,1,I-10,,29.91240556,-98.8281,18,0,1,1,0,4,5,1,1,1
48,2017481776,481776,2,0,2,397,5910,19,7,2017,4,14,44,8,FM 549 CORPORATE CROSSING,DISCOVERY BLVD,32.91062222,-96.4183,12,6,2,2,0,1,1,1,1,0
48,2017481777,481777,2,0,3,39,0,20,7,2017,5,15,20,8,FM 2611,,28.95910833,-95.5452,12,2,1,1,0,1,1,1,1,0
48,2017481778,481778,1,0,1,171,0,20,7,2017,5,0,10,8,RM 783,,30.28592222,-99.2428,32,0,1,1,0,4,2,1,1,0
48,2017481779,481779,1,0,1,227,0,20,7,2017,5,10,2,1,I-20,,32.32464722,-101.203,1,0,1,1,0,4,1,1,1,0
48,2017481780,481780,1,0,3,423,0,20,7,2017,5,18,50,2,US-69,,32.60972778,-95.485,1,0,1,1,0,1,1,1,1,0
48,2017481781,481781,1,0,1,439,2450,20,7,2017,5,2,30,7,I-820 LOOP 820,CAHOBA DR,32.795625,-97.452,43,0,19,1,0,4,2,1,1,0
48,2017481782,481782,1,1,1,141,2190,21,7,2017,6,23,44,6,DONIPHAN RD,,31.808025,-106.55,9,0,1,1,0,1,2,2,1,0
48,2017481783,481783,2,0,5,139,0,21,7,2017,6,18,24,2,US-77,PECAN TREE RD,32.29291389,-96.8602,12,6,2,2,0,1,1,1,1,0
48,2017481784,481784,2,0,3,201,3280,21,7,2017,6,3,8,1,I-45 GULF FWY,,29.60120278,-95.2001,12,7,1,1,0,1,3,10,1,0
48,2017481785,481785,1,0,3,309,4220,21,7,2017,6,5,40,2,US-84,,31.47312778,-97.3254,1,0,1,1,0,4,2,1,1,0
48,2017481786,481786,2,0,3,39,0,22,7,2017,7,20,32,8,BS-288 B,,29.09667778,-95.4163,12,6,8,1,0,1,5,1,1,1
48,2017481787,481787,1,0,1,203,0,22,7,2017,7,23,10,4,CR-1104 AMERICAN PLANT RD,,32.47839167,-94.1124,42,0,1,1,0,4,2,1,1,0
48,2017481788,481788,1,1,1,309,7210,22,7,2017,7,21,55,3,SR-6 LOOP 340,,31.50295556,-97.1758,8,0,18,1,0,1,3,1,1,0
48,2017481789,481789,1,1,1,355,1550,22,7,2017,7,0,27,6,SS 407 LEOPARD ST,,27.81789722,-97.5279,15,0,1,1,0,1,2,99,1,0
48,2017481790,481790,1,0,2,215,2110,24,7,2017,2,16,28,1,I-69 C,,26.36195,-98.1459,25,0,1,1,0,3,1,1,1,0
48,2017481791,481791,1,0,2,27,3027,25,7,2017,3,20,52,1,I-14,,31.07219722,-97.6751,1,0,1,1,0,10,6,10,1,0
48,2017481792,481792,2,0,2,53,0,25,7,2017,3,8,0,3,SR-29,CR-303,30.74624722,-98.098,12,6,2,2,0,1,1,1,1,0
48,2017481793,481793,1,0,2,141,2190,25,7,2017,3,1,10,6,MONTOYA DR,,31.85845833,-106.598,42,0,1,1,0,4,2,2,1,1
48,2017481794,481794,1,0,1,223,0,25,7,2017,3,15,8,3,SR-19,,33.189375,-95.5884,1,0,1,1,0,4,1,1,1,0
48,2017481795,481795,2,0,3,231,0,25,7,2017,3,6,35,2,US-380,,33.13702222,-96.1777,12,1,8,1,0,1,1,10,1,0
48,2017481796,481796,1,0,1,339,0,25,7,2017,3,7,20,4,CR-DAW COLLINS RD,SR-105,30.31251389,-95.2289,35,0,3,3,0,4,2,1,1,1
48,2017481797,481797,2,0,3,467,0,25,7,2017,3,7,15,3,SR-64,FM 773,32.45145,-95.7067,12,6,2,2,0,1,1,1,1,0
48,2017481798,481798,1,0,1,29,6090,26,7,2017,4,2,45,1,I-35,,29.51311111,-98.3972,52,0,5,1,1,8,2,1,1,1
48,2017481799,481799,1,1,3,29,6090,27,7,2017,5,21,15,6,AUSTIN HWY,SR-368 PERRIN BEITEL,29.50901944,-98.4095,8,0,3,3,0,1,3,1,1,0
48,2017481800,481800,2,0,2,113,1730,27,7,2017,5,20,20,2,US-67 MARVIN D LOVE FWY,,32.66644444,-96.8662,12,1,1,1,0,1,5,1,1,0
48,2017481801,481801,1,0,1,329,0,27,7,2017,5,11,56,1,I-20,,31.88998611,-102.256,57,0,1,1,0,3,1,1,1,0
48,2017481802,481802,3,0,5,355,1550,27,7,2017,5,20,42,8,FM 2444 STAPLES ST,YORKTOWN BLVD,27.66643611,-97.3958,12,6,2,2,0,1,3,1,1,0
48,2017481803,481803,2,0,4,381,150,27,7,2017,5,23,44,6,BELL ST,,35.159125,-101.902,12,6,8,1,0,1,3,1,1,0
48,2017481805,481805,1,0,2,29,6090,28,7,2017,6,2,17,2,US-281,,29.61511111,-98.4667,57,0,1,1,0,3,2,1,1,1
48,2017481806,481806,2,0,2,29,6090,28,7,2017,6,7,57,2,US-90,,29.40776944,-98.5912,12,6,1,1,0,1,1,10,1,0
48,2017481807,481807,1,1,1,141,2190,29,7,2017,7,0,10,6,FM 659 ZARAGOZA,,31.74656944,-106.284,8,0,1,1,0,1,2,1,1,1
48,2017481808,481808,2,0,6,167,6860,28,7,2017,6,15,38,3,SR-146,,29.35595,-94.9444,12,6,1,1,0,1,1,1,1,0
48,2017481809,481809,1,0,2,201,3280,28,7,2017,6,21,30,6,GUHN RD,,29.84551667,-95.5141,30,0,1,1,0,4,3,1,1,1
48,2017481810,481810,2,0,5,215,1970,28,7,2017,6,22,42,2,US-83 BUSINESS HOOKS AVE,MAIN ST,26.17070833,-98.0542,12,6,2,2,0,1,3,1,1,0
48,2017481811,481811,1,0,1,27,570,29,7,2017,7,15,38,1,I-35,,31.04663333,-97.4663,19,0,19,1,0,10,1,1,1,0
48,2017481812,481812,2,0,6,245,0,29,7,2017,7,11,9,1,I-10,,29.90782222,-94.2978,12,6,7,1,0,1,1,1,1,0
48,2017481813,481813,1,1,2,245,490,29,7,2017,7,23,43,2,US-90 COLLEGE ST,,30.06756667,-94.1765,8,0,1,1,0,1,2,1,1,0
48,2017481814,481814,2,0,2,245,490,29,7,2017,7,5,41,2,US-69 EASTEX FWY,,30.11610833,-94.1441,12,2,1,1,1,1,3,1,2,1
48,2017481815,481815,2,0,4,423,0,29,7,2017,7,19,13,3,SR-31,,32.36989444,-95.0697,12,6,8,1,1,1,1,1,1,0
48,2017481816,481816,1,0,1,441,30,29,7,2017,7,1,31,7,US-83 DANVILLE,,32.44230833,-99.7865,1,0,19,1,0,10,2,1,1,1
48,2017481817,481817,2,0,1,113,1730,30,7,2017,1,13,20,1,I-45 JULIUS SCHEPPS FWY,,32.72598056,-96.7626,12,1,18,1,0,1,1,1,1,0
48,2017481818,481818,2,0,2,29,6090,31,7,2017,2,19,20,6,BABCOCK,,29.52101667,-98.5979,12,6,8,1,0,1,1,1,1,1
48,2017481819,481819,2,0,4,201,0,31,7,2017,2,22,30,1,I-69 US-59 EASTEX FWY,ALDINE BENDER RD,29.930625,-95.3004,12,6,2,2,0,1,3,1,1,1
48,2017481820,481820,1,0,1,245,5430,31,7,2017,2,17,7,3,SR-73,,29.88310833,-93.9863,1,0,19,1,0,4,1,1,1,0
48,2017481821,481821,1,0,1,453,0,31,7,2017,2,1,22,4,CR-CAMERON RD,CR-GREGG-MANOR RD,30.39542778,-97.5899,42,0,3,4,0,5,2,1,1,0
48,2017481822,481822,3,0,3,227,640,28,3,2017,3,14,28,1,I-20,,32.26458611,-101.431,12,6,1,1,0,1,1,2,1,0
48,2017481823,481823,1,0,1,285,0,2,7,2017,1,16,31,3,SR-111,,29.26678889,-97.1116,35,0,1,1,0,4,1,1,1,1
48,2017481824,481824,2,0,2,385,0,3,7,2017,2,11,57,3,SR-41,,30.07732778,-99.9388,12,8,1,1,0,1,1,1,1,0
48,2017481825,481825,1,0,1,387,0,16,7,2017,1,19,55,8,FM 1159,,33.66290278,-95.0182,30,0,1,1,0,4,1,1,1,0
48,2017481826,481826,1,0,3,427,5780,19,7,2017,4,15,44,2,US-83,,26.37158889,-98.8502,38,0,1,1,0,5,1,1,1,0
48,2017481827,481827,2,0,3,113,2800,20,7,2017,5,22,25,1,I-20,,32.67520833,-97.0077,12,7,18,1,0,1,3,1,1,0
48,2017481828,481828,2,0,2,309,5845,20,7,2017,5,9,40,7,SR-6 SR-340 LP,,31.49171111,-97.1458,12,1,1,1,1,1,1,1,1,0
48,2017481829,481829,1,0,1,453,0,20,7,2017,5,7,28,8,FM 973,,30.46664722,-97.4659,1,0,1,1,0,1,1,1,1,0
48,2017481830,481830,2,0,2,141,2190,21,7,2017,6,15,36,3,SR-178 ARTCRAFT RD,,31.88276667,-106.585,12,1,1,1,0,1,1,1,1,0
48,2017481831,481831,7,0,12,201,3280,21,7,2017,6,22,5,3,SR-8 LOOP SAM HOUSTON PKWY,,29.93927778,-95.323,12,1,1,1,1,1,3,1,3,0
48,2017481832,481832,2,0,4,291,0,21,7,2017,6,17,41,8,FM 787,,30.41300278,-94.8735,12,2,1,1,0,1,1,1,1,0
48,2017481833,481833,5,0,7,353,6720,21,7,2017,6,12,26,1,I-20,,32.46935278,-100.378,12,1,1,1,1,1,1,1,1,0
48,2017481834,481834,1,0,1,303,0,22,7,2017,7,16,4,4,CR-7130 88TH ST,,33.51428611,-101.808,38,0,1,1,0,5,1,1,1,0
48,2017481835,481835,1,0,1,435,0,22,7,2017,7,14,36,1,I-10,,30.44441667,-100.198,1,0,1,1,0,3,1,1,1,0
48,2017481836,481836,2,0,2,27,0,23,7,2017,1,22,34,8,FM 93 NOLAN VALLEY RD,,31.06595833,-97.49,12,2,1,1,0,1,2,10,1,1
48,2017481837,481837,1,0,1,213,0,23,7,2017,1,23,55,4,CR-4808 IMPALA SOUTH,,32.20523889,-95.7719,11,0,1,1,0,1,2,1,1,1
48,2017481838,481838,2,0,2,65,0,24,7,2017,2,17,58,3,SR-207,,35.56683889,-101.408,12,6,1,1,0,1,6,2,1,0
48,2017481839,481839,2,0,3,71,0,24,7,2017,2,3,31,1,I-10,,29.82943889,-94.4721,12,1,1,1,0,1,2,1,1,0
48,2017481840,481840,2,1,1,297,0,25,7,2017,3,11,22,1,I-37,,28.30387778,-97.9813,12,1,1,1,0,1,1,10,1,0
48,2017481841,481841,2,0,2,5,0,27,7,2017,5,17,8,2,US-69,FM 326,31.28945278,-94.638,12,6,2,3,0,1,1,1,1,1
48,2017481842,481842,1,0,1,157,0,27,7,2017,5,15,39,8,CR-MCRARY RD,,29.63709167,-95.7704,1,0,1,1,0,1,1,1,1,0
48,2017481843,481843,2,0,2,303,0,27,7,2017,5,11,28,8,FM 2641,FM 179,33.650225,-102.009,12,6,2,2,2,1,1,1,1,0
48,2017481844,481844,2,0,2,113,3420,28,7,2017,6,17,34,3,SR-356 WALTON WALKER BLVD,ALDEN ST,32.82629167,-96.97,12,6,2,4,0,1,1,1,1,0
48,2017481846,481846,2,0,6,257,0,28,7,2017,6,6,41,3,SR-34,SR-34A BUSINESS FRANCES ST,32.765475,-96.2539,12,6,2,3,0,1,4,10,1,0
48,2017481847,481847,1,0,1,435,0,28,7,2017,6,3,22,1,I-10,,30.65815278,-100.94,42,0,1,1,0,5,2,1,1,0
48,2017481848,481848,1,0,1,469,7190,28,7,2017,6,13,12,6,AIRLINE RD,,28.82497222,-96.9702,33,0,1,1,0,4,1,1,1,0
48,2017481849,481849,1,0,1,41,970,29,7,2017,7,19,17,8,FM 1179 VILLA MARIA RD,,30.63911667,-96.3594,42,0,1,1,0,4,1,1,1,0
48,2017481850,481850,2,0,3,113,3420,29,7,2017,7,16,33,3,SR-183 AIRPORT FWY,,32.83688056,-97.0231,20,0,5,1,1,8,1,1,1,0
48,2017481851,481851,2,0,2,157,0,29,7,2017,7,9,40,7,SR-99 GRAND PAKWY,AIRPORT BLVD,29.64903333,-95.7095,12,6,2,2,0,1,1,1,1,0
48,2017481852,481852,2,0,2,209,3760,29,7,2017,7,2,40,1,I-35,,29.97753889,-97.8741,25,0,1,1,0,3,2,1,1,1
48,2017481853,481853,1,0,1,263,0,29,7,2017,7,16,12,2,US-380,,33.22276389,-100.528,1,0,1,1,0,4,1,1,1,1
48,2017481854,481854,1,5,1,325,0,29,7,2017,7,2,20,7,I-35,,29.2133,-98.8058,8,0,1,1,0,1,6,1,3,0
48,2017481855,481855,1,0,2,331,0,29,7,2017,7,23,35,2,US-77,,30.91215278,-96.9813,42,0,1,1,0,4,2,1,1,0
48,2017481856,481856,1,0,4,371,0,29,7,2017,7,11,20,8,FM 1776,,30.98201667,-103.07,1,0,1,1,0,4,1,1,2,0
48,2017481857,481857,1,1,1,19,0,30,7,2017,1,19,54,8,PR-37,,29.58527778,-98.949,8,0,1,1,0,1,1,1,1,0
48,2017481858,481858,1,0,2,39,0,30,7,2017,1,0,54,8,FM 2004,,29.17908611,-95.2434,1,0,1,1,0,1,2,10,1,1
48,2017481859,481859,2,0,2,113,1730,30,7,2017,1,12,35,6,WESTMORELAND RD,COMMERCE ST,32.771125,-96.8738,12,6,2,2,0,1,1,1,1,0
48,2017481860,481860,2,0,2,157,0,30,7,2017,1,6,25,1,I-69,,29.55389722,-95.7271,12,1,1,1,0,1,4,1,1,0
48,2017481861,481861,1,1,1,201,0,30,7,2017,1,14,26,8,FM 1960 CYPRESS CREEK PKWY,,29.97930278,-95.514,8,0,1,1,0,1,1,1,1,0
48,2017481862,481862,2,0,3,201,3280,30,7,2017,1,9,16,7,I-610 SOUTH LOOP,FM 865 CALAIS RD,29.68275278,-95.349,12,6,2,2,0,1,1,1,1,0
48,2017481863,481863,1,0,1,217,0,31,7,2017,2,14,55,4,CR-COUNTY LINE WEST RD,,31.78741111,-97.1931,32,0,1,1,0,4,1,1,1,0
48,2017481864,481864,1,1,1,491,2620,31,7,2017,2,16,3,6,WILLIAMS DR,,30.70252778,-97.7429,8,0,1,1,0,1,1,1,1,0
48,2017481865,481865,2,0,2,201,3280,8,10,2017,1,7,59,1,I-45,,29.86084167,-95.4032,12,1,1,1,0,1,1,1,1,1
48,2017481866,481866,1,1,2,39,130,11,3,2017,7,19,14,3,SR-6,,29.43413611,-95.2589,9,0,1,1,0,1,2,2,1,0
48,2017481867,481867,4,0,6,85,4230,27,4,2017,5,17,26,2,US-380 UNIVERSITY DR,,33.20458333,-96.599,12,1,1,1,0,1,1,1,1,0
48,2017481868,481868,1,1,1,157,4655,5,6,2017,2,5,56,8,FM 1092 MURPHY,,29.58337778,-95.5641,8,0,1,1,0,1,2,10,1,0
48,2017481869,481869,1,0,7,201,3280,25,6,2017,1,17,30,1,I-10 EAST FWY,,29.77366667,-95.2494,25,0,1,1,0,3,1,1,1,1
48,2017481870,481870,1,0,1,361,0,8,7,2017,7,18,54,8,FM 1078,BATTLIN BEAR DR,30.16394722,-93.7947,34,0,1,1,0,4,1,1,1,0
48,2017481871,481871,1,0,2,201,3280,16,7,2017,1,1,28,6,KELLEY ST,,29.81258611,-95.3517,21,0,1,1,0,4,3,10,2,0
48,2017481872,481872,1,1,2,453,330,17,7,2017,2,22,58,6,BRAKER LN,,30.37684167,-97.6754,8,0,1,1,0,1,3,2,1,0
48,2017481873,481873,2,0,2,329,0,18,7,2017,3,21,30,1,I-20 BUSINESS,CR-1310,31.89851389,-102.263,12,6,2,3,0,1,2,1,1,0
48,2017481874,481874,1,0,2,99,0,20,7,2017,5,9,27,2,US-281,,31.45554444,-98.1685,32,0,1,1,0,4,1,1,1,0
48,2017481875,481875,2,0,3,135,0,20,7,2017,5,12,19,3,SR-338 LOOP,CR-GRANDVIEW,31.93439167,-102.361,12,6,2,2,0,1,1,1,1,0
48,2017481876,481876,2,2,1,113,2590,21,7,2017,6,2,37,1,I-635 LBJ FWY,,32.87428889,-96.6825,8,0,18,1,0,1,3,1,2,1
48,2017481877,481877,1,0,1,227,0,21,7,2017,6,13,3,1,I-20,,32.20049722,-101.607,1,0,1,1,0,3,1,1,1,0
48,2017481878,481878,3,0,7,209,0,23,7,2017,1,16,9,2,US-290,TRAUTWEIN RD,30.19683611,-98.0128,12,6,2,3,0,1,1,2,2,0
48,2017481879,481879,1,0,2,29,6090,24,7,2017,2,2,42,1,I-410,,29.47052778,-98.4044,52,0,5,1,0,8,3,1,1,1
48,2017481880,481880,2,0,3,201,3280,26,7,2017,4,14,35,6,DE PRIEST ST,RITTENHOUSE ST,29.86414167,-95.4181,12,6,2,2,0,1,1,1,1,0
48,2017481881,481881,2,0,2,21,6430,27,7,2017,5,14,53,3,SR-71,DOROTHY NICHOLS,30.00503889,-97.135,12,1,3,3,0,1,1,1,1,0
48,2017481882,481882,1,0,1,299,0,27,7,2017,5,23,55,8,RM 1431,,30.7168,-98.4681,1,0,1,1,0,4,2,1,1,1
48,2017481883,481883,2,0,3,453,330,27,7,2017,5,8,52,2,US-183,,30.23004167,-97.6832,12,7,1,1,0,1,1,1,1,0
48,2017481884,481884,1,0,1,487,0,27,7,2017,5,13,50,2,US-70,,34.13123056,-99.1626,57,0,1,1,0,3,1,1,1,0
48,2017481885,481885,5,0,8,215,5330,28,7,2017,6,13,1,1,I-20,,26.20750556,-98.1855,12,1,20,1,0,1,1,1,1,0
48,2017481886,481886,1,1,1,441,30,28,7,2017,6,2,21,6,JUDGE ELY BLVD,,32.46545278,-99.7053,8,0,1,1,0,1,3,1,1,0
48,2017481887,481887,1,0,4,497,0,28,7,2017,6,15,16,4,CR-GREENWOOD RD,,33.36229722,-97.4948,42,0,1,1,0,4,1,1,1,0
48,2017481888,481888,3,0,1,113,1730,29,7,2017,7,21,6,6,BECKLEY AVE,,32.72398333,-96.8228,31,0,1,1,0,4,3,1,1,0
48,2017481889,481889,2,0,2,113,4530,29,7,2017,7,3,21,1,I-30,,32.80293056,-96.6701,14,0,19,1,0,2,3,1,1,1
48,2017481890,481890,2,0,2,203,0,29,7,2017,7,20,20,2,US-80,CR-3811 SABINE LUMBER,32.50913889,-94.5412,12,2,2,2,0,1,5,1,1,1
48,2017481891,481891,1,0,3,359,0,29,7,2017,7,14,4,1,I-40,,35.24619722,-102.8,1,0,1,1,0,3,1,10,2,0
48,2017481892,481892,2,0,3,39,5249,30,7,2017,1,18,17,6,DIXIE FARM RD,OAKBROOK DR,29.53764722,-95.2426,12,6,2,3,0,1,1,10,2,0
48,2017481893,481893,1,1,1,53,4310,30,7,2017,1,22,53,2,US-281,,30.60510833,-98.2671,8,0,1,1,0,1,2,1,1,1
48,2017481894,481894,2,0,2,353,0,30,7,2017,1,6,30,2,US-84,,32.49754444,-100.638,12,2,1,1,0,1,2,1,2,0
48,2017481895,481895,1,0,1,359,0,30,7,2017,1,3,30,2,US-385,,35.49755278,-102.251,43,0,1,1,0,4,2,1,1,0
48,2017481896,481896,1,0,6,29,0,1,8,2017,3,12,25,1,I-37,MATHIS RD,29.18035,-98.4265,1,0,18,1,0,1,1,1,3,0
48,2017481897,481897,2,0,2,201,3320,1,8,2017,3,14,0,6,HOUSTON AVE,,29.96878889,-95.2635,12,2,4,1,0,1,1,1,1,0
48,2017481898,481898,1,0,1,203,0,1,8,2017,3,22,44,8,FM 134,,32.54722222,-94.1402,1,0,1,1,0,4,2,10,1,1
48,2017481899,481899,1,0,1,339,1510,1,8,2017,3,16,3,8,FM 1488,,30.2317,-95.4971,42,0,1,1,0,4,1,1,1,0
48,2017481900,481900,5,0,13,349,0,2,8,2017,4,21,2,1,I-45,,32.14211389,-96.4614,12,8,1,1,0,1,2,1,3,1
48,2017481901,481901,1,0,1,351,0,1,8,2017,3,14,40,8,FM 363,,30.67999444,-93.8608,11,0,1,1,0,1,1,1,1,0
48,2017481902,481902,2,0,2,455,0,1,8,2017,3,4,36,2,US-287,,31.12243333,-95.1949,12,2,1,1,0,1,2,1,1,0
48,2017481903,481903,1,0,3,1,0,2,8,2017,4,12,3,3,SR-155,,31.94100278,-95.5347,1,0,1,1,0,3,1,2,1,0