STATE,YEAR_ST_CASE,ST_CASE,VE_TOTAL,PEDS,PERSONS,COUNTY,CITY,DAY,MONTH,YEAR,DAY_WEEK,HOUR,MINUTE,ROUTE,TWAY_ID,TWAY_ID2,LATITUDE,LONGITUD,HARM_EV,MAN_COLL,RELJCT2,TYP_INT,WRK_ZONE,REL_ROAD,LGT_COND,WEATHER,FATALS,DRUNK_DR
48,2017482248,482248,2,0,2,201,0,14,9,2017,5,17,50,8,FM 2100 MAIN ST,,29.79628333,-95.0553,12,6,1,1,0,1,1,1,1,1
48,2017482249,482249,1,0,6,315,0,14,9,2017,5,22,26,3,SR-43,,32.85416111,-94.1795,1,0,1,1,0,4,2,1,1,0
48,2017482250,482250,2,1,2,201,3280,15,9,2017,6,22,9,1,I-10 KATY FWY,,29.77717778,-95.4063,8,0,18,1,0,1,3,1,1,0
48,2017482251,482251,2,0,2,361,0,15,9,2017,6,1,39,1,I-10,,30.12451111,-93.7085,14,0,1,1,1,2,3,1,1,1
48,2017482252,482252,5,0,9,375,0,15,9,2017,6,9,10,3,SR-136,CR-FOLSOM RD,35.27429167,-101.724,12,1,3,3,0,1,1,1,1,0
48,2017482253,482253,1,1,1,423,7070,15,9,2017,6,6,25,2,US-271 GENTRY PKWY,,32.38524722,-95.2764,8,0,1,1,0,1,2,1,1,0
48,2017482255,482255,2,0,5,97,0,16,9,2017,7,8,45,2,US-82,,33.6502,-96.9729,12,6,8,1,0,1,1,1,1,0
48,2017482256,482256,1,1,1,121,1840,16,9,2017,7,2,21,7,I-35E,,33.18883333,-97.111,8,0,1,1,1,1,2,1,1,0
48,2017482257,482257,1,1,1,181,6350,16,9,2017,7,5,51,7,US-82,SR-91 TEXOMA PKWY,33.66785833,-96.595,8,0,3,2,0,1,2,1,1,0
48,2017482258,482258,2,0,3,245,0,16,9,2017,7,3,40,2,US-90,FM 1009,30.03485278,-94.4271,12,1,3,3,0,1,2,5,1,0
48,2017482259,482259,1,1,1,245,2905,16,9,2017,7,0,20,3,SR-347 TWIN CITY HWY,,29.93859444,-93.9373,8,0,1,1,0,1,3,1,1,0
48,2017482260,482260,2,0,3,453,0,16,9,2017,7,21,45,8,FM 973,,30.25003056,-97.6163,12,2,1,1,0,1,2,1,1,2
48,2017482261,482261,1,1,2,29,6090,17,9,2017,1,21,10,8,FM 2252 NACOGDOCHES RD,,29.5536,-98.4034,8,0,1,1,0,1,3,1,1,0
48,2017482262,482262,2,0,2,199,0,17,9,2017,1,18,30,8,FM 770,,30.21374167,-94.6116,12,1,1,1,0,1,1,1,1,0
48,2017482263,482263,2,0,2,245,490,17,9,2017,1,6,0,2,US-69 EASTEX FWY,,30.15651389,-94.1813,12,2,1,1,0,1,2,1,2,0
48,2017482264,482264,1,0,1,471,3340,17,9,2017,1,0,33,1,I-45 CONNECTOR,,30.67903611,-95.5259,1,0,5,1,0,4,2,1,1,0
48,2017482265,482265,2,0,2,209,3760,18,9,2017,2,8,22,8,BI-35 OLD HWY 81,SOUTH ST,29.98525556,-97.8746,12,6,2,2,0,1,1,1,1,0
48,2017482266,482266,1,0,1,403,0,18,9,2017,2,23,25,3,SR-87,,31.31078889,-93.8461,1,0,1,1,0,4,2,2,1,0
48,2017482267,482267,1,0,1,439,2450,1,5,2017,2,5,45,1,I-820,,32.68488889,-97.2405,25,0,1,1,0,3,3,1,1,0
48,2017482268,482268,1,0,2,439,2450,23,5,2017,3,20,30,7,I-820 JIM WRIGHT FWY,,32.83906667,-97.3275,33,0,1,1,0,8,1,1,1,1
48,2017482269,482269,2,0,2,167,3850,4,6,2017,1,21,55,3,SR-6,FM 1765 TEXAS,29.37900278,-94.9701,12,1,3,2,0,1,3,10,1,0
48,2017482270,482270,2,0,2,29,6090,28,6,2017,4,18,15,8,FM 1517 ECKERT RD,LINKCREST,29.50753611,-98.6277,12,6,2,3,0,1,1,1,1,0
48,2017482271,482271,2,0,3,167,6213,21,7,2017,6,20,19,8,FM 646,28TH ST,29.35438889,-95.081,12,6,2,2,0,1,5,1,1,1
48,2017482272,482272,1,0,2,167,2570,4,9,2017,2,6,59,6,7TH ST,,29.30475278,-94.7737,39,0,1,1,0,5,1,1,1,0
48,2017482273,482273,2,1,2,139,2598,16,8,2017,4,21,25,1,I-45,,32.377025,-96.6468,8,0,18,1,0,1,2,1,1,0
48,2017482274,482274,1,1,1,201,3280,17,8,2017,5,3,59,6,WESTHEIMER RD,,29.736925,-95.5587,8,0,1,1,0,1,3,1,1,0
48,2017482275,482275,1,0,1,201,3280,18,8,2017,6,18,31,7,SR-8 LOOP SAM HOUSTON PKWY,,29.93975,-95.2946,25,0,19,1,0,10,1,1,1,1
48,2017482276,482276,1,0,1,409,6400,21,8,2017,2,3,46,2,US-77 BUSINESS SAN PATRICIO,,28.02616667,-97.5169,32,0,1,1,0,4,2,1,1,0
48,2017482277,482277,1,1,1,201,3280,22,8,2017,3,9,43,6,BELLAIRE BLVD,RENWICK DR,29.70561944,-95.4845,8,0,3,2,0,1,1,1,1,0
48,2017482278,482278,1,0,1,201,3280,25,8,2017,6,2,40,1,I-45 GULF FWY,,29.65890556,-95.2557,59,0,5,1,0,8,3,1,1,1
48,2017482279,482279,1,1,1,201,3280,1,9,2017,6,8,20,6,TIDWELL RD,,29.84706667,-95.412,8,0,1,1,0,1,1,1,1,0
48,2017482280,482280,1,0,1,51,0,6,9,2017,4,17,20,4,CR-BEAVER CREEK DR,,30.46825278,-96.5503,42,0,1,1,0,4,1,1,1,1
48,2017482281,482281,3,0,3,177,0,6,9,2017,4,17,19,2,US-183,,29.62442222,-97.5729,12,6,1,1,0,1,1,1,1,0
48,2017482282,482282,2,0,2,401,0,8,9,2017,6,15,9,2,US-259,,32.26316944,-94.8602,45,0,1,1,1,1,1,1,1,0
48,2017482283,482283,2,1,2,201,3280,9,9,2017,7,6,0,1,I-69 US-59 SOUTHWEST FWY,,29.70763611,-95.5097,9,0,1,1,0,1,2,1,1,0
48,2017482284,482284,1,1,1,29,6090,11,9,2017,2,1,29,6,SAN PEDRO AVE,,29.53265833,-98.496,8,0,1,1,0,1,3,1,1,0
48,2017482285,482285,3,0,3,71,9997,11,9,2017,2,18,24,3,SR-146,,29.79625556,-94.9071,12,6,8,1,0,1,1,1,1,0
48,2017482286,482286,2,0,3,13,0,13,9,2017,4,22,35,8,FM 1470,,29.06571944,-98.5539,12,2,1,1,0,1,2,1,1,0
48,2017482287,482287,1,1,1,29,6090,13,9,2017,4,23,54,6,PERRIN BEITEL,,29.52530278,-98.411,33,0,1,1,0,4,3,1,1,0
48,2017482288,482288,1,0,1,85,0,13,9,2017,4,21,1,8,FM 1777,,33.03871667,-96.3082,1,0,1,1,0,4,2,1,1,0
48,2017482289,482289,2,0,2,201,3280,14,9,2017,5,0,40,1,I-69 US-59 EASTEX FWY,,29.93224167,-95.2993,12,1,18,1,0,1,3,1,1,0
48,2017482290,482290,1,0,4,21,1230,16,9,2017,7,23,37,8,FM 535,,30.08801944,-97.5021,35,0,1,1,0,4,2,1,1,1
48,2017482291,482291,1,0,1,139,5685,16,9,2017,7,16,56,8,FM 664 OVILLA RD,,32.53036667,-96.7475,32,0,1,1,0,4,1,1,1,0
48,2017482292,482292,2,0,3,201,0,16,9,2017,7,19,19,1,I-10,,29.77826111,-95.1233,73,0,1,1,0,1,2,1,1,0
48,2017482293,482293,2,0,3,375,0,16,9,2017,7,4,54,8,FM 1912,,35.2414,-101.654,12,6,1,1,1,1,2,1,1,0
48,2017482294,482294,1,1,1,29,6090,17,9,2017,1,20,45,8,FM 78,,29.48178889,-98.358,8,0,1,1,0,1,2,1,1,0
48,2017482295,482295,1,0,1,41,970,17,9,2017,1,22,38,3,SR-47 RIVERSIDE PKWY,,30.60655,-96.4103,58,0,19,1,0,3,2,10,1,0
48,2017482296,482296,2,0,8,99,1540,17,9,2017,1,13,0,8,FM 1113,7TH ST,31.12715,-97.9062,12,6,2,2,0,1,1,1,1,0
48,2017482297,482297,3,0,3,177,0,17,9,2017,1,4,34,2,US-183,,29.56370278,-97.5019,12,2,1,1,0,1,2,5,1,1
48,2017482298,482298,1,0,1,309,7210,17,9,2017,1,7,51,8,FM 3434 PIONEER PKWY,FM 1637 CHINA SPRING RD,31.62143611,-97.2104,18,0,3,3,0,4,2,1,1,1
48,2017482299,482299,1,0,3,349,0,17,9,2017,1,18,36,4,CR-4240,,31.87398056,-96.5905,35,0,1,1,0,4,1,1,1,0
48,2017482300,482300,2,0,3,361,0,17,9,2017,1,13,30,3,SR-12,WOODLAND DR,30.19673889,-93.8898,12,6,2,3,0,1,1,1,2,0
48,2017482301,482301,3,0,4,27,6810,18,9,2017,2,11,25,6,5TH ST,FRYERS CREEK,31.07211667,-97.3534,12,2,3,3,0,1,1,1,2,0
48,2017482302,482302,1,0,1,303,4140,18,9,2017,2,5,43,3,SR-289 LOOP,,33.62138611,-101.865,43,0,5,1,1,1,3,2,1,0
48,2017482303,482303,1,0,1,309,0,18,9,2017,2,5,48,3,SR-31,FM 1330,31.66359444,-96.9857,58,0,19,1,0,3,2,1,1,0
48,2017482304,482304,2,0,4,201,3280,19,9,2017,3,17,47,6,HOLMES RD,WOODWARD ST,29.67740278,-95.3738,12,6,2,3,0,1,1,1,2,0
48,2017482305,482305,1,1,1,355,0,18,9,2017,2,6,0,8,FM 624,,27.92096667,-97.8437,18,0,1,1,0,2,1,1,1,0
48,2017482306,482306,2,0,2,449,0,19,9,2017,3,16,56,2,US-67,,33.18675278,-94.839,12,1,1,1,0,1,1,1,1,0
48,2017482307,482307,2,0,3,37,6850,20,9,2017,4,19,38,3,SR-93 LAKE DR,BUCHANAN RD,33.403775,-94.065,12,6,2,2,0,1,3,1,2,0
48,2017482308,482308,5,0,5,85,200,21,9,2017,5,7,50,2,US-75 CENTRAL EXPY,,33.34408056,-96.5867,12,1,18,1,1,1,1,1,1,0
48,2017482309,482309,1,1,1,201,0,21,9,2017,5,23,17,7,I-10,,29.79235833,-95.0807,9,0,18,1,0,1,3,10,1,0
48,2017482310,482310,2,0,2,141,2190,23,9,2017,7,19,17,2,US-62 MONTANA,KILLARNEY,31.79550278,-106.352,12,2,2,2,0,1,1,1,1,0
48,2017482311,482311,1,0,2,203,0,23,9,2017,7,5,49,4,CR-MT ZION RD,CR-LATEX RD,32.55948056,-94.0433,38,0,3,3,0,5,2,1,1,1
48,2017482312,482312,1,1,1,473,0,23,9,2017,7,20,20,8,FM 359,,29.84410278,-95.9969,8,0,1,1,0,1,2,1,1,0
48,2017482313,482313,2,0,4,201,3280,24,9,2017,1,14,20,6,TL 8 SAM HOUSTON PKWY,,29.76678611,-95.5617,54,11,18,1,0,1,1,1,1,0
48,2017482314,482314,2,0,6,375,150,25,9,2017,2,6,33,6,AMARILLO BLVD,,35.22221389,-101.859,12,9,1,1,0,1,3,1,1,0
48,2017482315,482315,2,0,2,439,2450,25,9,2017,2,3,57,6,BEACH ST,WESTERN CENTER BLVD,32.86099444,-97.2899,12,6,2,2,0,1,3,1,1,0
48,2017482316,482316,3,0,2,453,330,25,9,2017,2,5,19,3,SR-360 LOOP CAPITAL OF TX HWY,,30.35251667,-97.7954,12,6,1,1,0,1,2,1,1,0
48,2017482317,482317,3,0,5,221,2780,6,7,2017,5,13,36,2,US-377,DAVIS RD,32.44689722,-97.7449,12,2,2,3,0,1,1,1,1,0
48,2017482318,482318,1,1,1,29,3942,20,7,2017,5,21,7,6,WURZBACH RD,,29.48733056,-98.6022,8,0,1,1,0,1,2,1,1,0
48,2017482319,482319,1,0,1,17,0,28,7,2017,6,15,2,3,SR-214,,34.16856667,-102.734,1,0,1,1,0,1,1,1,1,1
48,2017482320,482320,1,0,1,113,0,5,8,2017,7,23,30,6,BELTLINE RD,,32.62606667,-96.6135,52,0,1,1,0,4,2,1,1,1
48,2017482321,482321,2,0,2,201,3890,5,8,2017,7,11,59,6,FAIRMONT PKWY,BAY PARK,29.65172778,-95.0655,12,1,3,3,0,1,1,2,1,0
48,2017482322,482322,2,0,2,29,6090,6,8,2017,1,0,25,8,FM 78,MALLARD MEADOW,29.48478889,-98.352,12,2,3,3,0,1,3,1,1,0
48,2017482323,482323,2,0,2,169,0,23,8,2017,4,2,20,2,US-380,,33.18112778,-101.543,12,8,1,1,0,1,2,10,1,0
48,2017482324,482324,1,0,1,113,4530,3,9,2017,1,2,9,6,CARWRIGHT RD,,32.73118333,-96.5547,33,0,1,1,0,3,3,1,1,0
48,2017482325,482325,1,1,1,309,7210,5,9,2017,3,21,0,2,US-84 WACO DR,PRESTON ST,31.57040556,-97.1288,8,0,3,2,0,1,3,1,1,0
48,2017482326,482326,2,0,2,453,330,5,9,2017,3,19,16,2,US-183,,30.18705,-97.6863,12,6,1,1,0,1,1,1,1,1
48,2017482327,482327,2,0,3,181,6350,6,9,2017,4,7,50,6,LAMAR ST,GRAND AVE,33.63914167,-96.5925,12,7,2,2,0,1,1,1,1,1
48,2017482328,482328,1,1,1,29,6090,7,9,2017,5,21,59,1,I-10,,29.44558611,-98.3596,8,0,18,1,0,1,2,1,1,0
48,2017482329,482329,4,0,5,453,0,8,9,2017,6,12,24,8,FM 973,SHADOW GLENN TRACE,30.35970833,-97.5326,12,1,2,2,0,1,1,1,1,0
48,2017482330,482330,1,0,2,451,0,9,9,2017,7,13,1,3,SR-306 LOOP,,31.46768889,-100.386,1,0,1,1,0,4,1,1,1,0
48,2017482331,482331,2,0,2,499,0,9,9,2017,7,3,35,2,US-69,,32.71406389,-95.5246,12,2,1,1,0,1,2,1,1,1
48,2017482332,482332,2,0,2,113,1730,10,9,2017,1,20,17,3,SR-310 CENTRAL EXPY,LINFIELD RD,32.71559444,-96.7554,12,11,2,2,0,1,3,1,1,1
48,2017482333,482333,2,0,2,51,0,12,9,2017,3,7,10,3,SR-21,,30.61330278,-96.553,12,1,1,1,0,1,4,1,1,0
48,2017482334,482334,2,0,2,373,0,12,9,2017,3,14,50,2,US-287,,30.93760556,-94.6535,12,2,1,1,0,1,1,1,1,0
48,2017482335,482335,2,0,2,139,0,13,9,2017,4,19,23,8,FM 1387,FM 664,32.48999167,-96.8909,12,6,2,3,0,1,1,1,1,0
48,2017482336,482336,2,0,3,85,4230,14,9,2017,5,22,51,2,US-380 UNIVERSITY DR,WISTERIA WAY,33.21686667,-96.6495,12,1,3,2,0,1,2,1,1,1
48,2017482338,482338,2,0,2,183,4080,16,9,2017,7,0,3,3,SR-281 LP TOMLINSON PKWY,AIRLINE RD,32.542325,-94.7395,12,6,2,2,0,1,3,1,1,1
48,2017482339,482339,1,0,1,195,0,16,9,2017,7,13,0,3,SR-15,,36.27016389,-101.601,1,0,1,1,0,4,1,1,1,0
48,2017482340,482340,2,0,2,201,0,16,9,2017,7,13,25,8,FM 529 SPENCER RD,CR-BLENHEIM PALACE LN,29.87940833,-95.6236,12,2,3,3,0,11,1,5,1,0
48,2017482341,482341,2,0,2,185,0,17,9,2017,1,3,48,3,SR-6,,30.35234722,-96.0554,12,1,1,1,1,1,2,5,1,1
48,2017482342,482342,1,0,2,423,0,17,9,2017,1,0,30,8,FM 346,,32.204425,-95.1761,42,0,1,1,0,5,2,5,1,1
48,2017482343,482343,1,0,3,229,0,18,9,2017,2,4,30,2,US-62,,31.83138889,-105.741,1,0,1,1,0,5,2,1,2,0
48,2017482344,482344,1,0,2,13,0,20,9,2017,4,22,20,4,CR-431,,28.93175,-98.4915,38,0,1,1,0,5,2,1,1,1
48,2017482345,482345,1,1,1,27,3690,20,9,2017,4,6,39,1,I-14 US-190,,31.11026111,-97.7504,8,0,1,1,0,1,2,1,1,0
48,2017482346,482346,3,0,3,135,5030,20,9,2017,4,9,23,3,SR-191 42ND ST,JOHN BEN SHEPPERD PKWY BLVD,31.89355,-102.334,12,6,2,2,0,1,1,1,1,0
48,2017482347,482347,2,0,2,171,2480,20,9,2017,4,12,3,2,US-290 MAIN ST,RM-1631 OLIVE ST,30.266625,-98.8603,12,6,2,2,0,1,1,1,1,0
48,2017482348,482348,2,0,2,27,3690,21,9,2017,5,7,25,2,US-190F BU MARTIN LUTHER KING,FM 2410 VETERANS MEMORIAL BLVD,31.09824444,-97.6942,12,1,3,2,0,1,1,1,1,0
48,2017482349,482349,2,0,2,73,0,21,9,2017,5,7,39,2,US-79,CR-4208,31.97303611,-95.197,12,6,2,2,1,1,1,10,1,0
48,2017482350,482350,2,0,2,139,0,21,9,2017,5,14,45,1,I-35E,,32.29241667,-96.8661,12,1,1,1,1,1,1,1,1,0
48,2017482351,482351,4,0,8,223,0,21,9,2017,5,15,5,3,SR-19,,32.98218889,-95.7199,12,1,1,1,1,1,1,1,1,0
48,2017482352,482352,2,0,2,283,0,21,9,2017,5,22,35,1,I-35,,28.57511111,-99.1983,12,6,18,1,0,1,2,1,1,0
48,2017482353,482353,2,0,3,347,0,21,9,2017,5,0,45,2,US-59,,31.74132778,-94.5957,12,2,1,1,0,1,2,1,1,1
48,2017482354,482354,1,0,2,423,0,21,9,2017,5,3,10,3,SR-155,,32.49141111,-95.1665,33,0,1,1,0,4,2,1,2,1
48,2017482355,482355,2,0,2,477,0,21,9,2017,5,6,36,2,US-290,,30.17604722,-96.4611,12,1,1,1,0,1,2,10,1,0
48,2017482356,482356,2,0,4,183,4080,22,9,2017,6,20,29,2,US-259 EASTMAN RD,,32.548125,-94.7279,12,6,8,1,0,11,2,1,2,0
48,2017482357,482357,1,0,2,185,0,22,9,2017,6,19,42,8,FM 1696,,30.80024722,-95.903,32,0,1,1,0,4,2,1,1,1
48,2017482358,482358,1,1,1,201,480,22,9,2017,6,6,23,7,I-10,,29.79888889,-95.0273,8,0,1,1,0,1,2,1,1,0
48,2017482359,482359,1,1,1,453,330,22,9,2017,6,2,28,6,5TH ST,,30.268875,-97.7492,9,0,1,1,0,1,3,1,1,0
48,2017482360,482360,2,0,2,113,3420,23,9,2017,7,4,7,3,SR-183,,32.83707222,-97.0074,12,1,18,1,0,1,3,1,1,1
48,2017482361,482361,2,0,6,121,320,23,9,2017,7,22,41,2,US-377,,33.30936944,-96.9765,12,8,1,1,0,1,2,1,1,1
48,2017482362,482362,1,0,1,201,3280,23,9,2017,7,14,20,6,ACRES DR,,29.64236944,-95.3494,53,0,1,1,0,4,1,1,1,1
48,2017482363,482363,2,0,6,113,1730,24,9,2017,1,23,36,3,SR-12 LOOP LEDBETTER DR,WOODHALLOW DR,32.69124444,-96.864,12,6,2,3,0,1,3,1,1,0
48,2017482364,482364,2,0,2,201,3280,24,9,2017,1,2,30,1,I-45 NORTH FWY,,29.94954167,-95.4171,12,1,1,1,0,1,3,1,1,1
48,2017482365,482365,1,1,1,215,5330,24,9,2017,1,7,1,2,US-281 CAGE BLVD,,26.1289,-98.1951,8,0,1,1,0,1,2,1,1,0
48,2017482366,482366,1,0,1,227,0,24,9,2017,1,5,45,1,I-20,,32.21076111,-101.596,24,0,19,1,1,4,2,2,1,0
48,2017482367,482367,1,0,1,113,1730,25,9,2017,2,0,50,1,I-20 LBJ FWY,,32.64218611,-96.8196,42,0,19,1,0,4,3,1,1,0
48,2017482368,482368,1,0,1,113,1730,25,9,2017,2,23,5,2,US-67 MD LOVE FWY,POLK ST,32.70095278,-96.8362,32,0,1,1,0,10,3,1,1,0
48,2017482369,482369,2,0,4,201,3280,26,9,2017,3,7,30,6,BEAUMONT HWY,,29.82343889,-95.2317,12,2,1,1,0,1,1,10,1,0
48,2017482370,482370,1,0,1,355,1550,26,9,2017,3,2,2,2,US-181,,27.83192778,-97.3853,25,0,19,1,0,3,3,10,1,0
48,2017482371,482371,2,0,2,99,0,27,9,2017,4,15,15,2,US-84,,31.42656111,-97.5934,12,6,1,1,0,1,1,2,1,0
48,2017482372,482372,3,0,3,347,4810,27,9,2017,4,7,45,8,FM 1275 UNIVERSITY DR,,31.621925,-94.6399,1,0,1,1,0,1,1,10,1,0
48,2017482373,482373,1,1,1,13,0,28,9,2017,5,13,5,1,I-37,,28.84402778,-98.3775,8,0,1,1,0,1,1,2,1,0
48,2017482374,482374,2,0,2,181,0,28,9,2017,5,17,55,3,SR-289,,33.74463889,-96.682,12,11,1,1,0,1,1,10,1,0
48,2017482375,482375,1,1,1,29,6090,29,9,2017,6,6,21,6,HILDEBRAND AVE,BREEDEN AVE,29.466625,-98.501,8,0,2,3,0,1,1,2,1,0
48,2017482376,482376,2,0,3,187,6290,30,9,2017,7,11,35,8,FM 464,,29.57298889,-98.0216,12,2,1,1,0,1,1,2,3,0
48,2017482377,482377,2,0,4,201,3280,30,9,2017,7,20,50,6,BROADWAY ST,,29.68962778,-95.2776,12,2,1,1,0,1,3,1,1,0
48,2017482378,482378,1,0,2,439,2450,30,9,2017,7,8,18,6,ENDICOTT AVE,,32.83687222,-97.2945,1,0,1,1,0,1,1,1,1,0
48,2017482379,482379,1,0,2,183,3680,1,10,2017,1,3,59,8,FM 349,,32.40442778,-94.8239,39,0,1,1,0,4,3,1,1,1
48,2017482380,482380,1,2,1,375,150,1,10,2017,1,4,46,3,SR-136 FRITCH HWY,,35.23546944,-101.771,8,0,1,1,0,1,2,10,1,1
48,2017482381,482381,1,0,1,121,1545,2,10,2017,2,21,12,1,I-35E,,33.15962222,-97.07,52,0,5,1,1,8,2,10,1,0
48,2017482382,482382,1,1,1,453,330,27,4,2017,5,6,23,6,STASSNEY LN,CHAPARRAL TRL,30.19385,-97.7472,8,0,2,3,0,1,3,1,1,0
48,2017482383,482383,1,1,1,55,4170,10,7,2017,2,6,10,2,US-183 MAGNOLIA AVE,,29.69858056,-97.647,8,0,1,1,0,1,2,1,1,0
48,2017482384,482384,2,0,4,201,0,10,7,2017,2,15,35,8,FM 2100 HUFFMAN CLEVELAND RD,,30.04133056,-95.0893,12,6,8,1,0,1,1,1,1,0
48,2017482385,482385,1,1,0,227,640,27,7,2017,5,6,50,6,PENNSYLVANIA AVE,,32.23651944,-101.477,8,0,1,1,0,1,9,1,1,0
48,2017482386,482386,1,1,1,39,5249,18,8,2017,6,20,59,6,KNAPP RD,OLD ALVIN RD,29.59109167,-95.2785,9,0,2,2,0,1,3,1,1,0
48,2017482387,482387,2,0,6,201,3280,18,8,2017,6,8,20,6,PARK PLACE BLVD,DELEON ST,29.6854,-95.2835,12,6,2,3,0,1,1,1,1,0
48,2017482388,482388,1,0,2,215,0,29,8,2017,3,22,36,2,US-281,,26.75694167,-98.1014,1,0,1,1,1,4,2,1,1,0
48,2017482389,482389,1,0,3,201,3280,30,8,2017,4,2,48,7,SR-8 LP NORTH SAM HOUSTON PKWY,OLD HUMBLE RD,29.94024444,-95.2834,33,0,3,2,0,4,3,1,1,1
48,2017482390,482390,2,0,2,201,3280,4,9,2017,2,14,26,1,I-10 KATY FWY,,29.77786944,-95.4308,25,0,1,1,0,10,1,10,1,0
48,2017482391,482391,2,0,5,83,1430,15,9,2017,6,20,59,2,US-84,,31.83946944,-99.4221,12,6,1,1,0,1,2,1,1,0
48,2017482392,482392,2,0,5,187,0,15,9,2017,6,20,31,3,SR-130,,29.73244722,-97.8643,18,0,1,1,0,1,2,1,2,0
48,2017482393,482393,1,0,2,471,0,15,9,2017,6,8,0,8,FM 2296,,30.67383889,-95.4507,42,0,1,1,0,5,1,1,1,0
48,2017482394,482394,1,2,1,113,1730,16,9,2017,7,1,5,6,GREENVILLE AVE,MILLER AVE,32.82132222,-96.7702,8,0,2,3,0,1,3,1,1,0
48,2017482395,482395,3,0,5,185,0,17,9,2017,1,11,36,8,FM 2562,FM 149E,30.53169722,-95.9193,12,6,2,2,0,1,1,1,3,0
48,2017482396,482396,1,0,2,201,3280,17,9,2017,1,8,20,6,BELLFORT ST,,29.6571,-95.4864,1,0,1,1,0,4,1,1,2,1
48,2017482397,482397,1,0,2,21,0,18,9,2017,2,20,43,2,US-290,,30.30613056,-97.2994,1,0,7,1,0,3,2,1,1,0
48,2017482398,482398,1,0,1,331,0,18,9,2017,2,21,41,8,FM 487,,30.60844722,-97.0069,58,0,1,1,0,4,2,1,1,0
48,2017482399,482399,2,0,2,201,2560,19,9,2017,3,10,15,6,CLINTON DR,GALENA MANOR DR,29.73213333,-95.2524,12,1,3,3,0,1,1,1,1,0
48,2017482400,482400,3,1,1,121,7353,22,9,2017,6,21,3,3,SR-114,,32.99615,-97.2025,12,7,1,1,0,1,2,1,1,0
48,2017482401,482401,1,1,1,423,0,23,9,2017,7,12,4,2,US-69 MINEOLA HWY,,32.59381389,-95.4709,9,0,1,1,0,1,1,1,1,0
48,2017482402,482402,1,1,2,29,6090,24,9,2017,1,19,50,8,SL 368 AUSTIN HWY,,29.49156667,-98.4383,8,0,1,1,0,1,3,1,1,0
48,2017482403,482403,2,0,3,201,480,24,9,2017,1,14,36,6,BOB SMITH ROAD,,29.75604722,-94.9476,12,7,1,1,0,1,1,1,1,0
48,2017482404,482404,1,0,1,339,0,24,9,2017,1,2,0,4,CR-DOBBIN HUFMITH RD HUFFMAN,,30.16776111,-95.6128,34,0,1,1,0,4,2,1,1,1
48,2017482405,482405,2,0,3,373,0,24,9,2017,1,16,35,2,US-190,,30.70860278,-94.8667,12,2,1,1,0,1,1,1,1,0
48,2017482406,482406,1,0,1,353,0,25,9,2017,2,10,10,3,SR-70,,32.37564167,-100.364,24,0,1,1,0,4,1,2,1,0
48,2017482407,482407,1,0,1,181,550,26,9,2017,3,21,47,8,FM 1897 OLE AMBROSE RD,,33.63963889,-96.3992,42,0,1,1,0,4,2,10,1,1
48,2017482408,482408,2,0,2,209,0,26,9,2017,3,22,55,3,SR-21 CAMINO REAL,,29.92564167,-97.832,12,1,8,1,0,1,2,1,1,0
48,2017482409,482409,2,0,4,221,0,26,9,2017,3,9,15,8,FM 167 TEMPLE HALL HWY,CR-OLD GRANBURY,32.47043889,-97.7154,12,6,2,3,0,1,1,10,2,0
48,2017482410,482410,2,0,3,453,0,26,9,2017,3,13,6,8,FM 812,,30.12632778,-97.6413,12,2,1,1,0,1,1,2,1,0
48,2017482411,482411,2,0,2,29,0,27,9,2017,4,19,33,4,CR-BABCOCK RD,,29.63435,-98.658,24,0,1,1,0,4,2,2,1,0
48,2017482412,482412,1,1,1,37,0,27,9,2017,4,22,48,4,CR-COUNTRY PARADISE CIRCLE,,33.32931944,-94.0767,8,0,1,1,0,1,3,10,1,1
48,2017482413,482413,1,1,1,229,0,27,9,2017,4,1,30,1,I-10,,31.04681667,-104.923,8,0,1,1,0,1,2,2,1,0
48,2017482414,482414,2,0,2,259,740,27,9,2017,4,12,43,1,I-10 RAMP,BU-87 MAIN SR,29.76934444,-98.7192,12,1,3,4,0,1,1,2,1,0
48,2017482415,482415,1,0,1,121,250,28,9,2017,5,21,57,4,CR-SOUTHERN HILLS DR,,33.10608611,-96.8527,30,0,1,1,0,4,3,10,1,1