STATE,YEAR_ST_CASE,ST_CASE,VE_TOTAL,PEDS,PERSONS,COUNTY,CITY,DAY,MONTH,YEAR,DAY_WEEK,HOUR,MINUTE,ROUTE,TWAY_ID,TWAY_ID2,LATITUDE,LONGITUD,HARM_EV,MAN_COLL,RELJCT2,TYP_INT,WRK_ZONE,REL_ROAD,LGT_COND,WEATHER,FATALS,DRUNK_DR
48,2017482416,482416,2,0,2,291,0,28,9,2017,5,1,19,4,CR-4111,,29.90841944,-94.8278,12,2,1,1,0,1,2,1,1,0
48,2017482417,482417,1,0,1,453,0,28,9,2017,5,19,10,4,CR-LUND-CARLSON RD,,30.41488056,-97.4151,23,0,1,1,0,4,5,2,1,1
48,2017482418,482418,2,0,2,5,4160,29,9,2017,6,13,18,2,US-69 DENMAN AVE,,31.31463333,-94.691,12,6,1,1,0,1,1,1,1,1
48,2017482419,482419,2,1,1,27,0,29,9,2017,6,3,20,1,I-35,,30.89944444,-97.5629,14,0,1,1,0,2,2,2,1,0
48,2017482420,482420,1,0,1,57,0,29,9,2017,6,5,39,8,FM 2143,,28.68749722,-96.5008,1,0,1,1,0,1,2,1,1,0
48,2017482421,482421,2,1,3,113,1730,29,9,2017,6,0,0,2,US-75 CENTRAL EXPY,,32.90173333,-96.769,8,0,1,1,0,1,3,2,1,0
48,2017482422,482422,2,0,2,439,590,29,9,2017,6,14,35,6,COZBY SOUTH ST,,32.66644167,-97.4703,18,0,1,1,0,4,1,10,1,1
48,2017482423,482423,2,0,2,21,0,30,9,2017,7,23,34,8,FM 812,,30.098175,-97.6037,12,2,1,1,0,1,2,1,1,1
48,2017482424,482424,2,0,5,135,5030,30,9,2017,7,2,6,3,SR-191 42ND ST,CLOVER AVE,31.886025,-102.368,12,6,2,3,0,1,3,5,1,1
48,2017482425,482425,1,0,1,201,0,30,9,2017,7,23,3,7,I-45 NORTH FWY,,30.03309444,-95.4296,42,0,1,1,0,10,2,1,1,1
48,2017482426,482426,1,0,4,291,0,30,9,2017,7,17,0,3,SR-146,,30.39505,-94.7662,42,0,1,1,0,4,1,1,1,0
48,2017482427,482427,2,0,2,497,0,15,9,2017,6,5,52,3,SR-101,,33.24022222,-97.774,12,6,1,1,0,1,2,1,1,0
48,2017482428,482428,1,0,1,257,0,25,9,2017,2,8,34,2,US-80,,32.71423056,-96.1004,32,0,1,1,0,4,1,1,1,0
48,2017482429,482429,1,1,1,201,5230,26,9,2017,3,6,29,6,BROOKHAVEN AVE,PLAINVIEW ST,29.66220556,-95.1824,9,0,2,3,0,1,2,1,1,0
48,2017482430,482430,2,0,3,367,0,30,9,2017,7,13,56,3,SR-199,CR-GILLILAND RD,32.97384722,-97.7265,12,1,3,2,0,1,1,1,2,0
48,2017482431,482431,1,2,1,231,1490,22,6,2017,5,1,17,3,SR-224,,33.247,-95.9238,8,0,1,1,0,1,2,1,2,0
48,2017482432,482432,1,1,1,113,1730,14,9,2017,5,15,11,1,I-35 STEMMONS FWY,,32.81498889,-96.867,8,0,1,1,0,1,1,1,1,0
48,2017482433,482433,1,1,1,113,1730,17,9,2017,1,23,15,6,BILINDSAY RD,,32.60514167,-96.5625,8,0,1,1,0,1,2,1,1,0
48,2017482435,482435,1,1,1,113,2010,18,9,2017,2,0,21,6,MAINT ST,,32.67273889,-96.9043,8,0,1,1,0,1,2,1,1,0
48,2017482436,482436,2,0,2,365,0,20,9,2017,4,23,20,3,SR-315,,32.042925,-94.5836,12,2,1,1,0,1,2,1,1,0
48,2017482437,482437,2,0,2,363,0,23,9,2017,7,1,0,3,SR-16,,32.87535556,-98.4122,12,98,1,1,0,1,2,1,1,1
48,2017482438,482438,2,0,2,39,130,25,9,2017,2,18,5,3,SR-35 ALVIN BYPASS,,29.44826667,-95.2389,12,1,1,1,0,1,1,1,1,0
48,2017482439,482439,2,0,2,27,0,27,9,2017,4,8,15,2,US-190 MESQUITE HWY,,31.00308889,-97.2914,12,1,8,1,0,1,1,1,1,0
48,2017482440,482440,1,1,1,141,2190,27,9,2017,4,5,55,2,US-54 GATEWAY NORTH,,31.965,-106.374,8,0,1,1,0,99,3,2,1,0
48,2017482441,482441,2,1,1,7,5890,28,9,2017,5,11,17,6,PEACHTREE DR,,28.05551667,-97.0474,8,0,1,1,0,7,1,1,1,0
48,2017482442,482442,2,0,3,187,0,29,9,2017,6,18,50,8,FM 466,,29.53730833,-97.9258,12,2,1,1,0,1,1,1,2,1
48,2017482443,482443,1,0,1,201,3280,29,9,2017,6,20,30,6,TC JESTER BLVD,,29.87097778,-95.4589,33,0,1,1,0,3,2,1,1,0
48,2017482444,482444,2,0,7,361,0,29,9,2017,6,22,15,3,SR-62,,30.08547222,-93.8219,12,2,1,1,0,1,2,1,1,1
48,2017482445,482445,2,0,2,367,5705,29,9,2017,6,12,46,8,FM 2257 KNOB HILL RD,,32.97963611,-97.6039,12,6,1,1,0,1,1,2,1,0
48,2017482446,482446,2,0,2,329,0,30,9,2017,7,18,50,3,SR-158,,31.92745278,-101.841,12,6,1,1,0,1,1,2,1,0
48,2017482447,482447,1,0,2,29,6090,1,10,2017,1,0,30,6,BROOKLYN AVE,,29.440425,-98.4911,30,0,1,1,0,4,3,1,1,1
48,2017482448,482448,2,0,4,61,0,1,10,2017,1,20,3,8,FM 732 SHERER RD,,26.10205278,-97.6166,12,6,1,1,0,1,2,1,1,1
48,2017482449,482449,2,0,5,135,5030,1,10,2017,1,1,56,3,SR-385,,31.80746944,-102.362,12,2,1,1,0,1,3,10,2,1
48,2017482450,482450,1,0,1,151,0,1,10,2017,1,14,38,3,SR-70,,32.66748333,-100.375,1,0,1,1,0,4,1,1,1,1
48,2017482451,482451,1,0,1,201,3280,1,10,2017,1,3,8,7,I-10 KATY FWY,KIRKWOOD RD,29.78528611,-95.5903,46,0,19,1,0,3,3,1,1,1
48,2017482452,482452,3,0,5,201,0,1,10,2017,1,5,26,3,SR-8 BELTWAY LOOP TOLLWAY,,29.93748889,-95.48,12,1,18,1,0,1,1,1,1,1
48,2017482453,482453,1,0,1,225,0,1,10,2017,1,6,0,4,CR-1825,,31.39775556,-95.4592,1,0,1,1,0,4,2,1,1,0
48,2017482454,482454,1,0,1,257,0,1,10,2017,1,15,29,8,FM 3396,,32.36619167,-96.2672,58,0,1,1,0,1,1,1,1,0
48,2017482455,482455,2,0,3,313,0,1,10,2017,1,14,51,2,US-190,,30.91778889,-96.0824,12,2,1,1,0,1,1,1,2,0
48,2017482456,482456,2,0,2,325,0,1,10,2017,1,14,48,2,US-90,CR-422,29.33515556,-99.2581,12,6,2,2,0,1,1,1,1,1
48,2017482457,482457,2,0,3,329,4560,1,10,2017,1,6,35,6,MIDLAND DR,ILLINOIS AVE,31.98776667,-102.132,12,6,2,2,0,1,3,5,1,1
48,2017482458,482458,1,0,3,373,0,1,10,2017,1,16,15,2,US-59,,30.58800278,-94.9448,1,0,1,1,1,3,1,1,1,0
48,2017482459,482459,1,1,3,491,6780,1,10,2017,1,16,39,6,PECAN ST,,30.56448889,-97.4033,8,0,1,1,0,1,1,1,1,0
48,2017482460,482460,2,0,2,147,760,2,10,2017,2,10,50,7,US-82,SR-121,33.604575,-96.192,12,6,2,2,0,1,1,1,1,0
48,2017482461,482461,1,1,1,157,5970,2,10,2017,2,20,48,8,FM 1640 AVENUE I,,29.55808889,-95.7709,9,0,1,1,0,1,2,10,1,0
48,2017482462,482462,1,0,1,113,3420,15,10,2017,1,7,41,3,SR-12 LOOP WALTON WALKER,,32.82328889,-96.92,25,0,19,1,0,3,1,2,1,0
48,2017482463,482463,1,1,1,201,3280,2,10,2017,2,23,37,1,I-45 GULF FWY,,29.7573,-95.3747,8,0,18,1,0,1,3,1,1,0
48,2017482464,482464,1,1,4,201,3280,2,10,2017,2,6,45,6,BEECHNUT ST,DAIRY ASHFORD RD,29.68900556,-95.6044,8,0,3,2,0,1,1,1,1,0
48,2017482465,482465,1,1,1,291,0,2,10,2017,2,19,23,3,SR-321,,30.29285,-94.9782,8,0,1,1,0,1,2,2,1,0
48,2017482466,482466,1,0,1,297,0,2,10,2017,2,5,4,2,US-281,,28.11805556,-98.1006,1,0,1,1,0,1,2,10,1,0
48,2017482467,482467,2,0,2,355,0,2,10,2017,2,17,16,8,FM 70,,27.58403611,-97.7512,12,6,1,1,0,1,1,10,1,0
48,2017482468,482468,2,0,2,3,0,3,10,2017,3,7,30,2,US-385,CR-8000,32.13713056,-102.467,12,6,3,3,0,1,1,10,1,0
48,2017482469,482469,1,1,2,29,0,3,10,2017,3,22,45,4,CR-FOSTER RD,,29.4714,-98.3594,8,0,1,1,0,1,2,2,1,0
48,2017482470,482470,1,0,1,157,0,3,10,2017,3,5,50,6,HARLEM RD,,29.67008889,-95.7151,33,0,1,1,0,3,2,1,1,1
48,2017482471,482471,1,1,1,157,6568,3,10,2017,3,14,30,8,FM 1092 MURPHY RD,,29.63066667,-95.565,8,0,1,1,0,1,1,10,1,0
48,2017482472,482472,1,0,2,201,3280,3,10,2017,3,5,25,7,I-69 US-59 SOUTHWEST FWY,,29.65874444,-95.5599,20,0,19,1,0,8,3,10,1,1
48,2017482473,482473,1,1,1,201,3280,3,10,2017,3,20,50,6,WIRT RD,,29.814075,-95.4851,8,0,1,1,0,1,3,2,1,0
48,2017482474,482474,2,0,4,281,0,3,10,2017,3,17,27,2,US-190,,31.06718611,-98.0575,12,1,1,1,0,1,1,3,1,0
48,2017482475,482475,1,1,1,361,7200,3,10,2017,3,19,45,8,FM 105 MAIN ST,,30.11288333,-94.0071,9,0,1,1,0,1,2,1,1,0
48,2017482476,482476,3,0,4,27,3690,4,10,2017,4,10,23,3,SR-195 FORT HOOD ST,,31.10481389,-97.7492,12,1,1,1,0,1,1,1,1,0
48,2017482477,482477,2,0,2,141,2190,4,10,2017,4,16,34,6,SAVANNAH AVE,ELM ST,31.79770833,-106.463,12,6,2,2,0,1,1,1,1,0
48,2017482478,482478,1,1,1,201,3280,4,10,2017,4,22,46,6,TELEPHONE RD,HASBROOK ST,29.70055,-95.3029,8,0,3,2,0,1,3,1,1,0
48,2017482479,482479,2,0,2,267,0,4,10,2017,4,21,19,2,US-83,,30.67971389,-99.7774,12,2,1,1,0,1,2,1,1,0
48,2017482480,482480,1,0,1,355,240,4,10,2017,4,8,27,3,SR-361,,27.88780278,-97.1085,24,0,1,1,0,4,1,1,1,0
48,2017482481,482481,1,0,1,439,260,4,10,2017,4,22,35,1,I-30 TOM LANDRY FWY,,32.75970556,-97.045,24,0,19,1,1,10,2,1,1,0
48,2017482482,482482,2,1,2,453,0,4,10,2017,4,20,33,8,FM 973,,30.25571944,-97.6128,8,0,1,1,0,2,2,1,1,1
48,2017482483,482483,1,0,2,487,0,4,10,2017,4,11,45,2,US-70,,34.13445,-99.1432,57,0,19,1,0,3,1,10,2,0
48,2017482484,482484,1,1,1,29,6090,5,10,2017,5,20,42,3,SR-421 SPUR CULEBRA RD,ZARZAMORA ST,29.44517222,-98.525,8,0,3,2,0,1,3,1,1,0
48,2017482485,482485,1,0,1,29,6090,5,10,2017,5,2,38,3,SR-371 GENERAL HUDNELL DR SPUR,,29.38869722,-98.5462,24,0,19,1,0,3,3,1,1,1
48,2017482486,482486,1,1,1,61,3030,5,10,2017,5,20,40,3,SR-499 LOOP,NEW COMBES HWY,26.22396389,-97.7057,8,0,3,2,0,1,3,10,1,0
48,2017482487,482487,1,0,1,113,1730,5,10,2017,5,20,42,6,ABRAMS RD,,32.825075,-96.7529,33,0,1,1,0,4,3,1,1,1
48,2017482488,482488,1,0,2,73,0,6,10,2017,6,7,50,8,FM 747,,31.96518889,-95.3646,1,0,1,1,0,4,2,1,2,1
48,2017482489,482489,1,0,1,139,2240,6,10,2017,6,11,34,7,I-45,,32.36095278,-96.6333,72,0,20,1,0,1,1,1,1,0
48,2017482490,482490,2,0,3,183,4080,6,10,2017,6,22,16,3,SR-149 EASTMAN RD RAMP,,32.44140833,-94.7157,33,0,5,1,0,8,3,1,1,1
48,2017482491,482491,2,0,3,367,0,6,10,2017,6,10,35,4,CR-UPPER DENTON RD,,32.77001944,-97.7757,12,8,1,1,0,1,1,1,1,0
48,2017482492,482492,2,0,3,471,3340,6,10,2017,6,2,2,3,SR-19,,30.70809722,-95.5278,12,2,1,1,0,1,3,1,1,1
48,2017482493,482493,1,0,4,29,6090,7,10,2017,7,18,51,7,I-35 S PANAM EXPY,BRUNSWICK BLVD,29.37119722,-98.5169,39,0,3,4,0,4,3,1,2,0
48,2017482494,482494,1,1,3,113,1730,7,10,2017,7,19,33,1,I-35 N STEMMONS FWY,,32.81225278,-96.8619,8,0,1,1,0,1,3,1,1,0
48,2017482495,482495,1,0,1,141,0,7,10,2017,7,1,24,1,I-10,,31.95324722,-106.583,24,0,1,1,0,3,3,1,1,1
48,2017482496,482496,1,1,1,201,3280,7,10,2017,7,3,20,7,I-45 NORTHWEST FWY,,29.94599444,-95.4155,8,0,1,1,0,1,2,1,1,0
48,2017482497,482497,1,1,1,201,0,7,10,2017,7,11,50,3,SR-8 LOOP SAM HOUSTON PKWY,,29.82600278,-95.1689,9,0,1,1,0,1,1,1,1,0
48,2017482498,482498,2,0,5,361,7200,7,10,2017,7,17,20,3,SR-12,,30.14401667,-93.9886,12,6,8,1,0,1,1,10,1,0
48,2017482499,482499,1,1,1,439,2450,7,10,2017,7,19,58,6,HEMPHILL ST,BALTIMORE AVE,32.72263056,-97.3316,8,0,2,3,0,1,3,1,1,0
48,2017482500,482500,1,0,1,121,6150,12,10,2017,5,13,25,6,WILLOW ST,,33.35919722,-97.1676,52,0,1,1,1,4,1,1,1,1
48,2017482501,482501,1,1,1,439,2450,8,10,2017,1,2,38,7,I-30 WEST FRWY,,32.73295278,-97.3947,8,0,1,1,0,1,2,1,1,0
48,2017482502,482502,1,1,1,113,1730,9,10,2017,2,1,33,6,SECOND AVE,,32.75976111,-96.7431,8,0,1,1,0,1,3,1,1,0
48,2017482503,482503,1,0,1,143,0,9,10,2017,2,14,45,8,FM 8,,32.23346111,-98.2971,35,0,1,1,0,5,1,1,1,0
48,2017482504,482504,2,0,3,161,0,9,10,2017,2,3,45,8,FM 488,,31.90942778,-96.1138,12,2,1,1,0,1,2,1,2,0
48,2017482505,482505,1,0,8,439,2450,9,10,2017,2,2,0,6,SYCAMORE SCHOOL RD,,32.63480556,-97.365,33,0,1,1,0,3,3,1,1,0
48,2017482506,482506,2,0,2,495,0,9,10,2017,2,7,1,3,SR-18,,31.8826,-103.108,12,2,1,1,0,1,2,1,1,0
48,2017482507,482507,2,1,1,453,330,10,10,2017,3,16,29,6,PARKFIELD DR,,30.36648333,-97.7068,8,0,1,1,0,1,1,1,1,0
48,2017482508,482508,1,0,1,61,940,11,10,2017,4,5,3,1,I-69 US 77,,25.89776667,-97.4782,25,0,1,1,0,3,3,10,1,0
48,2017482509,482509,1,0,2,61,3030,11,10,2017,4,5,48,2,US-77 BUSINESS SUNSHINE STRIP,COMMERCE ST,26.17918611,-97.6796,46,0,3,4,0,4,3,2,1,1
48,2017482510,482510,1,1,1,201,0,11,10,2017,4,0,12,7,SR-249 TOMBALL PKWY,,29.93870556,-95.5185,8,0,1,1,0,1,2,1,1,0
48,2017482511,482511,2,1,2,201,0,11,10,2017,4,5,45,1,I-10,,29.79028889,-95.0904,8,0,1,1,0,1,3,1,1,0
48,2017482512,482512,2,1,2,453,330,12,10,2017,5,8,35,7,I-35,CESAR CHAVEZ ST,30.26095833,-97.7358,12,6,2,2,0,1,1,1,1,0
48,2017482513,482513,1,0,5,3,0,13,10,2017,6,5,49,3,SR-128,,32.14232222,-102.892,1,0,1,1,0,4,2,1,1,0
48,2017482514,482514,1,1,1,203,0,14,10,2017,7,22,45,2,US-59,,32.62563333,-94.3394,8,0,1,1,0,1,2,1,1,0
48,2017482515,482515,1,0,1,439,2450,14,10,2017,7,2,53,6,BRENTWOOD STAIR RD,,32.75833889,-97.2518,33,0,1,1,0,4,3,1,1,0
48,2017482516,482516,2,0,2,439,0,1,6,2017,5,15,18,1,I-20 RONALD REAGAN MEMORIAL,,32.69275833,-97.5021,12,6,1,1,0,2,1,2,1,0
48,2017482517,482517,2,0,2,367,0,23,8,2017,4,6,40,4,CR-TIN TOP RD,,32.68490278,-97.7887,12,2,1,1,0,1,2,2,1,0
48,2017482518,482518,4,0,8,201,3280,8,9,2017,6,20,5,1,I-45 GULF FWY,,29.60818056,-95.2074,12,6,18,1,0,1,3,1,1,0
48,2017482519,482519,2,0,3,241,0,13,9,2017,4,14,14,2,US-96,,30.40464722,-94.0147,12,1,1,1,0,1,1,1,1,0
48,2017482520,482520,2,1,2,303,4140,17,9,2017,1,2,15,6,AVENUE A,,33.56803056,-101.836,8,0,1,1,0,1,3,1,1,0
48,2017482521,482521,2,0,2,201,3280,19,9,2017,3,16,20,7,I-69 SOUTHWEST FWY,,29.70853611,-95.5084,20,0,5,1,0,8,1,1,1,0
48,2017482522,482522,1,0,3,71,7555,23,9,2017,7,16,14,6,CAMPBELL RD,,29.81733889,-94.3754,5,0,1,1,0,1,1,10,1,0
48,2017482523,482523,2,0,3,85,92,26,9,2017,3,8,43,2,US-75 CENTRAL EXPY,,33.09820556,-96.6791,14,0,1,1,0,2,1,10,1,0
48,2017482524,482524,1,0,1,67,0,28,9,2017,5,20,10,3,SR-77,,33.04226944,-94.0562,1,0,1,1,0,4,2,1,1,1
48,2017482525,482525,2,0,2,113,0,28,9,2017,5,21,29,1,I-45,,32.55417778,-96.6622,12,1,1,1,0,1,2,2,1,0
48,2017482526,482526,2,1,2,27,0,29,9,2017,6,20,43,1,I-35,,30.88903611,-97.572,8,0,1,1,0,1,2,2,1,0
48,2017482527,482527,2,0,2,473,3580,29,9,2017,6,19,49,7,I-10,,29.77733333,-95.8761,12,1,1,1,0,1,2,1,1,0
48,2017482528,482528,1,0,1,309,0,1,10,2017,1,15,47,4,CR-KATY LN,,31.58040833,-97.0985,42,0,1,1,0,4,1,1,1,0
48,2017482529,482529,3,0,3,53,0,2,10,2017,2,7,41,3,SR-29,CR-304,30.75179167,-98.1321,12,1,3,3,0,1,1,1,2,0
48,2017482530,482530,2,0,2,147,0,2,10,2017,2,10,40,3,SR-78,,33.71036111,-95.1866,12,6,1,1,0,1,1,1,1,0
48,2017482531,482531,3,0,3,439,2450,2,10,2017,2,4,54,1,I-820,,32.71628889,-97.479,12,1,1,1,0,1,2,1,1,0
48,2017482532,482532,2,0,2,27,0,3,10,2017,3,18,11,3,SR-36,CR-AYCOCK RD,31.20439444,-97.4496,12,6,2,2,0,1,2,2,1,0
48,2017482533,482533,2,0,3,439,2450,3,10,2017,3,13,28,7,US-287 MARTIN L KING FWY,MITCHELL BLVD,32.71991667,-97.2889,12,6,2,2,0,1,1,1,1,0
48,2017482534,482534,2,0,2,279,0,4,10,2017,4,7,9,2,US-70,,34.23381944,-102.485,12,1,1,1,0,1,2,2,1,0
48,2017482535,482535,2,0,1,201,3280,5,10,2017,5,3,58,7,I-45 GULF FWY,,29.55086944,-95.1522,12,1,1,1,0,1,3,1,1,1
48,2017482536,482536,2,0,2,283,0,5,10,2017,5,3,39,3,SR-97,,28.46464444,-99.1375,12,6,8,1,0,1,2,1,1,0
48,2017482537,482537,2,0,2,167,6860,6,10,2017,6,17,37,3,SR-146,,29.40159722,-94.9524,12,2,1,1,0,1,1,1,2,1
48,2017482538,482538,1,0,1,201,0,6,10,2017,6,2,15,4,CR-SHELDON RD,,29.83939722,-95.1276,32,0,1,1,0,4,2,1,1,0
48,2017482539,482539,1,0,1,467,0,6,10,2017,6,1,35,3,SR-19,,32.50222778,-95.8597,43,0,1,1,0,4,2,1,1,0
48,2017482540,482540,1,1,1,201,0,7,10,2017,7,3,4,4,CR-VETERANS MEMORIAL DR,,29.92957222,-95.4538,8,0,1,1,0,1,2,1,1,0
48,2017482541,482541,1,0,1,251,0,7,10,2017,7,22,54,4,CR-606,,32.53796667,-97.2398,42,0,1,1,0,5,2,1,1,0
48,2017482542,482542,2,0,2,305,0,7,10,2017,7,20,44,2,US-380,,33.16668056,-102.012,14,0,1,1,0,2,2,1,1,0
48,2017482543,482543,2,0,2,121,1840,8,10,2017,1,20,23,1,I-35E,,33.19741944,-97.1413,12,1,1,1,0,1,2,1,1,0
48,2017482544,482544,1,0,1,157,0,8,10,2017,1,9,0,4,CR-ROHAN RD,CR-BENTON RD,29.52453611,-95.7329,33,0,3,3,0,4,1,1,1,1
48,2017482545,482545,1,1,1,201,3280,8,10,2017,1,19,19,6,TC JESTER BLVD,BRYCE ST,29.792375,-95.4205,8,0,3,3,0,1,1,1,1,1
48,2017482546,482546,2,0,4,453,0,8,10,2017,1,21,55,4,CR-BLACK MANOR RD,,30.29176667,-97.523,12,6,1,1,0,1,2,1,1,0
48,2017482547,482547,2,0,3,479,3899,8,10,2017,1,2,42,7,I-35 SANTA URSULA AVE,CHICAGO ST,27.53731389,-99.5033,12,6,2,2,0,1,3,1,1,2
48,2017482548,482548,3,0,4,113,1730,9,10,2017,2,21,17,6,WESTMORELAND RD,CLARENDON DR,32.7352,-96.8743,12,7,3,3,0,1,3,10,1,1
48,2017482549,482549,2,0,2,113,2590,9,10,2017,2,3,19,3,SR-78 LAVON DR,,32.95397778,-96.6181,12,7,18,1,0,1,3,1,1,0
48,2017482550,482550,1,0,1,231,2860,9,10,2017,2,3,45,6,ROY WARREN PKWY,,33.10585556,-96.0988,33,0,1,1,0,4,3,1,1,1
48,2017482551,482551,2,0,3,303,0,9,10,2017,2,19,45,8,FM 2641,CR-2000,33.65038056,-101.905,12,6,2,2,0,1,2,1,1,1
48,2017482552,482552,1,0,1,423,0,9,10,2017,2,17,2,4,CR-431,,32.52453889,-95.4208,1,0,1,1,0,4,1,1,1,0
48,2017482553,482553,2,0,2,5,0,11,10,2017,4,17,5,3,SR-7,,31.45818333,-94.8595,12,2,1,1,0,1,1,1,1,1
48,2017482554,482554,1,0,1,201,3280,11,10,2017,4,7,45,1,I-69 EASTEX FWY,,29.81606111,-95.3353,25,0,5,1,0,3,1,1,1,0
48,2017482555,482555,2,0,2,229,0,11,10,2017,4,19,8,1,I-10,,31.20251944,-105.459,12,1,1,1,0,1,2,1,1,0
48,2017482556,482556,2,0,2,275,0,11,10,2017,4,0,52,2,US-277,,33.48814444,-99.4757,12,1,1,1,0,1,2,1,1,0
48,2017482557,482557,2,1,2,113,1730,12,10,2017,5,21,0,3,SR-12 LOOP WALTON WALKER BLVD,,32.73435556,-96.9202,8,0,20,1,0,1,3,1,1,0
48,2017482558,482558,2,0,5,185,4830,12,10,2017,5,16,5,7,SR-6,FM 3090,30.40821944,-96.0841,12,6,2,2,0,1,1,1,1,0
48,2017482559,482559,2,0,2,215,4197,12,10,2017,5,2,32,3,SR-495 PECAN HWY,MAIN ST,26.21910833,-98.2564,12,6,2,2,0,1,3,10,1,1
48,2017482560,482560,1,0,1,369,0,12,10,2017,5,15,47,4,CR-5,,34.4583,-102.956,35,0,1,1,0,4,1,1,1,0
48,2017482561,482561,7,0,9,439,2450,12,10,2017,5,14,20,3,SR-360,,32.83820556,-97.0611,12,1,18,1,0,1,1,1,1,0
48,2017482562,482562,1,0,1,113,1730,13,10,2017,6,2,40,2,US-67 MD LOVE FWY,,32.69074444,-96.8465,59,0,5,1,0,8,3,1,1,1
48,2017482563,482563,2,0,3,113,1730,13,10,2017,6,22,59,6,FORT WORTH AVE,WESTMORELAND RD,32.75358333,-96.874,12,6,2,2,0,1,3,1,1,1
48,2017482564,482564,1,0,1,257,0,13,10,2017,6,21,8,1,I-20,,32.66921667,-96.15,33,0,5,1,0,10,2,1,1,0
48,2017482565,482565,2,0,2,313,0,13,10,2017,6,12,31,2,US-190,,30.92230833,-96.0747,12,6,1,1,0,2,1,1,1,0
48,2017482566,482566,1,1,1,361,7200,13,10,2017,6,21,5,3,SR-12,,30.14107222,-93.9926,8,0,1,1,0,1,3,1,1,0
48,2017482567,482567,2,0,2,15,6280,14,10,2017,7,10,22,3,SR-36,SCHMIDT RD,29.7577,-96.1496,12,6,2,3,0,1,1,1,1,0
48,2017482568,482568,1,0,1,113,1730,14,10,2017,7,1,10,1,I-635 LBJ FWY,,32.92532222,-96.8028,18,0,19,1,0,3,3,1,1,1
48,2017482569,482569,2,0,2,113,2590,14,10,2017,7,13,46,6,NATIONAL DR,NATIONAL CT,32.88201944,-96.6726,12,6,2,3,0,1,1,1,1,0
48,2017482570,482570,2,0,5,143,0,14,10,2017,7,0,8,8,FM 8,FM 219,32.24414722,-98.3777,12,6,2,2,0,1,2,1,2,0
48,2017482571,482571,2,2,1,201,3280,14,10,2017,7,11,52,2,US-59 SOUTHWEST FWY,,29.73784722,-95.3679,8,0,19,1,0,2,1,1,1,0
48,2017482572,482572,1,0,2,225,0,14,10,2017,7,20,54,8,FM 2663,,31.39116667,-95.4395,32,0,1,1,0,4,2,1,1,1
48,2017482573,482573,1,0,1,253,0,14,10,2017,7,16,14,8,FM 3326,,32.68241111,-99.857,38,0,1,1,0,4,1,1,1,1
48,2017482574,482574,2,0,2,355,1550,14,10,2017,7,8,45,8,LEOPARD ST,,27.81631944,-97.524,12,6,1,1,0,1,1,1,1,0
48,2017482575,482575,1,0,2,201,480,15,10,2017,1,0,29,3,SR-146 LANIER DR,,29.75488889,-94.9442,33,0,1,1,0,10,2,1,1,1
48,2017482576,482576,2,0,2,245,490,15,10,2017,1,2,2,6,4TH ST,,30.07300556,-94.1157,12,7,1,1,0,1,3,1,1,2
48,2017482577,482577,2,1,2,113,1730,16,10,2017,2,1,23,1,I-35 STEMMONS FWY,,32.83577778,-96.875,8,0,1,1,0,1,3,1,1,0
48,2017482578,482578,2,0,2,113,1730,16,10,2017,2,16,55,1,I-635 LBJ FWY,,32.90774167,-96.8998,12,6,18,1,0,1,1,1,1,0
48,2017482579,482579,1,1,1,113,1730,16,10,2017,2,20,8,6,WEBB CHAPEL RD,,32.89856944,-96.8716,8,0,1,1,0,1,3,1,1,0
48,2017482580,482580,3,0,5,113,1730,16,10,2017,2,22,52,3,SR-78 GARLAND RD,SR-12 LOOP BUCKNET BLVD,32.83372222,-96.7022,12,6,2,2,0,1,3,1,1,1
48,2017482581,482581,2,0,2,201,3280,16,10,2017,2,0,38,7,I-45 GULF FWY,MONROE BLVD,29.66898056,-95.2627,12,6,2,2,0,1,3,1,1,0
48,2017482582,482582,2,0,2,201,3280,17,10,2017,3,20,7,1,I-10,,29.77742778,-95.4185,12,1,1,1,0,1,3,1,1,0