STATE,YEAR_ST_CASE,ST_CASE,VE_TOTAL,PEDS,PERSONS,COUNTY,CITY,DAY,MONTH,YEAR,DAY_WEEK,HOUR,MINUTE,ROUTE,TWAY_ID,TWAY_ID2,LATITUDE,LONGITUD,HARM_EV,MAN_COLL,RELJCT2,TYP_INT,WRK_ZONE,REL_ROAD,LGT_COND,WEATHER,FATALS,DRUNK_DR
48,2017482755,482755,2,0,1,157,6660,15,10,2017,1,16,23,1,I-69,,29.61045278,-95.6103,14,0,1,1,0,2,1,1,1,0
48,2017482756,482756,1,0,1,331,0,19,10,2017,5,23,35,8,FM 485,,30.88486944,-96.7978,52,0,1,1,0,4,2,10,1,0
48,2017482757,482757,1,1,2,201,0,20,10,2017,6,19,10,4,CR-GULF BANK RD,,29.88896944,-95.4026,8,0,1,1,0,1,2,10,1,0
48,2017482758,482758,2,0,5,169,5480,22,10,2017,1,17,22,2,US-84 BROADWAY,6TH ST,33.18708333,-101.378,12,6,2,2,1,1,1,1,1,0
48,2017482759,482759,2,0,3,129,0,25,10,2017,4,14,10,2,US-287,,35.004525,-101.041,12,2,1,1,0,1,1,1,1,0
48,2017482760,482760,2,0,3,135,0,26,10,2017,5,18,25,2,US-385,CR-BORMAN ST,31.73947222,-102.357,12,6,2,3,0,1,1,1,1,0
48,2017482762,482762,2,0,4,355,1550,28,10,2017,7,18,33,2,US-181,,27.84968056,-97.3626,12,1,1,1,0,1,3,1,1,0
48,2017482763,482763,1,0,2,91,4870,29,10,2017,1,23,55,6,SAUR LN,,99.9999,999.9999,42,0,1,1,0,4,2,1,1,0
48,2017482764,482764,2,0,2,173,0,29,10,2017,1,6,30,3,SR-137,,31.678775,-101.643,12,2,1,1,0,1,2,1,1,0
48,2017482765,482765,1,0,1,209,0,29,10,2017,1,22,12,8,RM 1826,,30.13159722,-98.0109,1,0,1,1,0,4,2,1,1,1
48,2017482766,482766,3,0,5,113,2800,30,10,2017,2,9,37,7,SR-161,MAYFIELD RD,32.69183611,-97.0249,12,6,2,2,0,1,1,1,1,0
48,2017482767,482767,1,1,1,333,0,31,10,2017,3,23,45,2,US-84,,31.55041111,-98.6452,8,0,1,1,0,1,2,10,1,1
48,2017482768,482768,1,1,2,453,330,13,10,2017,6,17,42,6,ROBERT MARTINEZ JR BLVD,CESAR CHAVEZ ST,30.25578333,-97.7207,8,0,3,2,0,1,1,1,1,0
48,2017482769,482769,2,0,4,479,0,24,10,2017,3,3,59,1,I-35,,27.99435833,-99.3689,12,1,1,1,0,1,2,1,1,0
48,2017482770,482770,2,0,2,201,3280,26,10,2017,5,18,24,6,HOMESTEAD RD,,29.83561389,-95.302,12,1,8,1,0,1,1,1,1,0
48,2017482771,482771,1,0,1,229,0,27,10,2017,6,12,36,2,US-62,,31.74910833,-105.039,1,0,1,1,0,4,1,6,1,0
48,2017482773,482773,1,1,1,1,5170,1,11,2017,4,18,56,2,US-79 OAK ST,,31.750775,-95.6496,9,0,1,1,0,1,1,1,1,0
48,2017482774,482774,1,1,3,29,6090,1,11,2017,4,19,53,2,US-90,,29.40050278,-98.6364,8,0,1,1,0,1,3,1,1,0
48,2017482775,482775,1,1,1,183,4080,1,11,2017,4,20,47,3,SR-300 GILMER RD,CLEARWOOD DR,32.51024167,-94.7687,8,0,3,3,0,1,3,1,1,0
48,2017482776,482776,2,0,3,201,0,1,11,2017,4,17,46,8,FM 1942,FM 2100 CROSBY LYNCHBURG RD,29.87990556,-95.0632,12,6,2,2,0,1,1,1,1,1
48,2017482777,482777,2,0,2,201,0,1,11,2017,4,16,10,4,CR-LAKE HOUSTON PKWY,CR-GREENSBROOK GARDEN DR,29.896725,-95.215,12,6,2,2,0,1,1,1,1,0
48,2017482778,482778,2,1,3,491,5990,1,11,2017,4,19,20,1,I-35,,30.47286944,-97.6715,8,0,1,1,0,1,3,1,1,0
48,2017482779,482779,1,0,1,21,0,2,11,2017,5,2,24,3,SR-95,,30.24213333,-97.3203,42,0,1,1,0,4,2,10,1,1
48,2017482780,482780,2,0,3,37,0,2,11,2017,5,13,0,3,SR-8,,33.53326667,-94.4077,12,6,1,1,0,1,1,1,2,0
48,2017482781,482781,1,0,1,141,2190,2,11,2017,5,18,40,6,SAUL KLEINFELD DR,,31.77183056,-106.285,33,0,8,1,0,3,1,1,1,0
48,2017482782,482782,2,0,2,339,0,2,11,2017,5,3,2,1,I-69 US-59,,30.17944167,-95.1994,12,2,1,1,0,1,3,1,1,1
48,2017482783,482783,1,0,1,339,1510,2,11,2017,5,4,33,3,SR-105,,30.35878056,-95.5968,24,0,1,1,0,4,2,10,1,0
48,2017482784,482784,2,0,3,389,0,2,11,2017,5,18,29,2,US-285,,31.73404722,-103.83,12,2,1,1,1,1,1,1,1,0
48,2017482785,482785,2,0,3,451,6080,2,11,2017,5,0,13,8,FM 388,,31.44501667,-100.427,12,1,1,1,0,1,3,1,1,1
48,2017482786,482786,1,1,5,113,1730,3,11,2017,6,21,55,1,I-45 JJULIUS SCHEPPS FWY,,32.66211389,-96.7268,8,0,18,1,0,1,3,1,1,0
48,2017482787,482787,1,1,1,201,3280,3,11,2017,6,22,3,2,US-90 ALT OLD SPANISH TRL,BELVEDERE ST,29.70723611,-95.3405,8,0,3,3,0,1,3,1,1,0
48,2017482788,482788,1,0,3,401,0,3,11,2017,6,7,32,8,FM 2011,,32.33985,-94.6972,42,0,1,1,0,4,1,10,1,0
48,2017482789,482789,2,0,8,21,0,4,11,2017,7,19,46,8,FM 969,,30.15670278,-97.386,12,6,1,1,0,1,2,1,2,0
48,2017482790,482790,3,0,4,27,6810,4,11,2017,7,15,5,1,I-35,,31.07348889,-97.4206,14,0,1,1,0,2,1,1,1,0
48,2017482791,482791,1,1,1,29,6090,4,11,2017,7,19,27,6,FERRIS AVE,BADGER ST,29.41427778,-98.4268,8,0,3,2,0,1,3,1,1,0
48,2017482792,482792,2,2,5,113,1730,4,11,2017,7,2,44,1,I-635 LBJ FWY,,32.923925,-96.7783,14,0,5,1,1,8,3,1,1,1
48,2017482793,482793,1,1,1,157,5760,4,11,2017,7,21,40,6,ROCKY FALLS RD,MELLON ST,29.58417778,-95.7729,8,0,3,3,0,1,3,1,1,0
48,2017482795,482795,2,0,4,221,0,4,11,2017,7,16,23,8,FM 51,,32.36847778,-97.8374,12,6,8,1,0,1,1,1,1,0
48,2017482796,482796,6,0,2,251,1370,4,11,2017,7,20,42,3,SR-171 MAIN ST,FM 1718 COUNTRY CLUB RD,32.33774167,-97.3839,14,0,3,4,0,5,3,1,1,0
48,2017482797,482797,1,0,4,283,0,4,11,2017,7,16,45,1,I-35,,28.36371944,-99.2703,1,0,1,1,0,3,1,1,2,0
48,2017482798,482798,2,0,3,325,1890,4,11,2017,7,18,1,3,SR-173,FM 3176,29.13873611,-98.9032,12,6,2,2,0,1,1,1,1,0
48,2017482799,482799,1,0,1,439,260,4,11,2017,7,3,20,3,SR-360 ANGUS GWYNNE JR HWY,,32.69068056,-97.0625,52,0,19,1,0,3,3,1,1,0
48,2017482800,482800,1,1,1,439,2450,4,11,2017,7,3,45,1,I-30 EAST FWY,,32.759725,-97.2177,8,0,18,1,0,1,2,1,1,0
48,2017482801,482801,1,0,1,497,0,4,11,2017,7,22,21,8,FM 455,,33.37413333,-97.4147,32,0,1,1,0,4,2,1,1,1
48,2017482802,482802,1,1,1,27,3027,5,11,2017,1,18,40,6,AMY LN,DALE EARNHARDT DR,31.07899444,-97.6653,8,0,2,3,0,1,3,1,1,0
48,2017482803,482803,1,0,7,29,6090,5,11,2017,1,0,45,1,I-410,,29.45198056,-98.4063,1,0,20,1,0,1,2,1,1,1
48,2017482804,482804,2,0,4,85,5390,5,11,2017,1,19,32,7,SR-121 SAM RAYBURN TLWY RAMP,OHIO DR,33.0981,-96.7969,12,6,2,2,0,1,2,1,1,0
48,2017482805,482805,2,0,4,201,0,5,11,2017,1,0,5,4,CR-AIRLINE DR,CR-AIRWAY DR,29.89110278,-95.3959,12,6,3,4,0,1,3,1,1,1
48,2017482806,482806,3,0,5,331,0,5,11,2017,1,18,4,2,US-79,,30.72172222,-96.8326,12,6,1,1,0,1,5,1,1,1
48,2017482807,482807,2,0,3,339,1510,5,11,2017,1,18,35,3,SR-105 DAVIS ST,SR-336 LP,30.32339722,-95.4028,12,6,2,2,0,1,3,1,1,1
48,2017482808,482808,1,0,1,453,330,5,11,2017,1,22,19,6,SPICEWOOD SPRINGS RD,SCOTLAND WELL DR,30.42248611,-97.7936,46,0,3,4,0,4,3,1,1,0
48,2017482809,482809,1,0,1,453,330,5,11,2017,1,2,19,6,THORNBERRY RD,CROZIER LN,30.22298889,-97.6641,38,0,1,1,0,4,2,1,1,0
48,2017482810,482810,3,0,6,91,4870,6,11,2017,2,10,48,8,FM 1101,FM 306 CREEKSIDE CROSSING,29.71734444,-98.0691,12,6,2,2,0,1,1,1,1,0
48,2017482811,482811,1,1,1,201,0,6,11,2017,2,19,41,4,CR-KUYKENDAHL RD,CR-ELM BROOK DR,30.03427222,-95.4841,8,0,3,3,0,1,2,1,1,0
48,2017482812,482812,1,0,1,375,150,6,11,2017,2,0,35,6,24TH AVE MARTIN LUTHER KING BL,,35.23634444,-101.825,44,0,1,1,0,4,3,1,1,0
48,2017482813,482813,2,0,4,457,2475,6,11,2017,2,6,45,8,FM 92,,30.57891944,-94.1761,12,2,1,1,0,1,4,1,1,0
48,2017482814,482814,1,0,1,29,6090,7,11,2017,3,10,28,8,FM 2252 NACOGDOCHES RD,,29.60433611,-98.3277,33,0,1,1,0,4,9,99,1,1
48,2017482815,482815,2,1,5,29,6090,7,11,2017,3,19,5,6,ZARZAMORA ST,,29.36396667,-98.534,8,0,1,1,0,1,2,1,1,0
48,2017482817,482817,3,0,3,113,1730,7,11,2017,3,6,0,1,I-35 STEMMONS FWY,,32.83809444,-96.8754,12,1,1,1,0,1,3,1,1,0
48,2017482819,482819,1,0,1,135,0,7,11,2017,3,3,9,7,I-20,,31.86697778,-102.301,42,0,1,1,0,10,2,1,1,1
48,2017482820,482820,1,1,1,201,0,7,11,2017,3,18,37,4,CR-WEST RD,,29.90276667,-95.5495,8,0,1,1,0,1,2,1,1,0
48,2017482821,482821,1,0,1,289,0,7,11,2017,3,6,53,1,I-45,,31.18927778,-95.9921,57,0,1,1,0,3,9,99,1,0
48,2017482822,482822,2,0,2,365,1200,7,11,2017,3,14,3,2,US-59 BUSINESS SAINT MARY ST,HUNTER RD,32.17153056,-94.341,12,2,2,3,0,1,1,1,1,0
48,2017482823,482823,1,1,1,29,6090,8,11,2017,4,6,45,7,I-410,,29.41175,-98.6496,8,0,1,1,1,1,6,10,1,0
48,2017482824,482824,3,0,3,113,1730,8,11,2017,4,23,36,2,US-75 CENTRAL EXPWY,,32.85038333,-96.7717,12,2,1,1,0,1,3,1,1,1
48,2017482825,482825,1,1,1,201,0,8,11,2017,4,21,59,3,SR-249 TOMBALL PKWY,,29.91123611,-95.4801,8,0,1,1,0,1,3,2,1,0
48,2017482826,482826,1,0,1,201,0,8,11,2017,4,23,25,8,FM 2100 HUFFMAN CLEVELAND RD,,30.09708611,-95.1109,1,0,1,1,0,4,2,2,1,0
48,2017482827,482827,3,0,6,201,3280,8,11,2017,4,22,28,7,I-69 EASTEX  FWY,CROSSTIMBERS,29.82920278,-95.3351,12,6,2,2,0,1,3,2,1,0
48,2017482828,482828,2,0,2,223,0,8,11,2017,4,7,40,3,SR-11,FM 2560,33.08686111,-95.565,12,6,2,3,0,1,1,2,1,0
48,2017482829,482829,2,1,1,245,490,8,11,2017,4,11,28,7,US-69 CARDINAL DR,,30.04442778,-94.1364,8,0,1,1,1,2,1,2,1,0
48,2017482830,482830,1,0,1,423,0,8,11,2017,4,5,55,8,FM 1252,,32.44615278,-95.0199,1,0,1,1,0,5,4,2,1,0
48,2017482831,482831,2,0,2,439,2450,8,11,2017,4,8,51,6,28TH ST,,32.79465833,-97.3585,33,0,1,1,0,3,1,2,1,0
48,2017482832,482832,1,1,9,37,0,9,11,2017,5,14,15,2,US-82,,33.48748333,-94.5198,8,0,1,1,0,1,1,10,1,0
48,2017482834,482834,2,0,2,201,0,9,11,2017,5,4,35,8,FM 529,CR-BARKER CYPRESS RD,29.87984167,-95.6834,12,6,2,2,0,1,3,2,1,1
48,2017482835,482835,2,0,2,309,7210,9,11,2017,5,22,9,3,SR-396 LOOP BOSQUE BLVD,,31.52701944,-97.2045,12,2,1,1,0,1,3,10,1,1
48,2017482836,482836,1,1,1,29,6090,10,11,2017,6,9,0,6,CANTON ST,,29.42421944,-98.451,8,0,8,1,0,1,1,10,1,0
48,2017482837,482837,2,0,5,41,970,10,11,2017,6,6,43,3,SR-21,,30.67049167,-96.4027,32,0,1,1,0,4,4,1,2,1
48,2017482838,482838,1,0,1,67,0,10,11,2017,6,23,45,4,CR-4448,,32.91113889,-94.0449,35,0,1,1,0,4,2,1,1,1
48,2017482839,482839,1,0,3,181,6350,10,11,2017,6,23,49,6,TUCK ST,SKAGGS RD,33.65403333,-96.5729,42,0,1,1,0,4,2,10,1,1
48,2017482840,482840,2,0,3,439,1442,10,11,2017,6,22,40,3,SR-26 COLLEYVILLE BLVD,,32.87846944,-97.1585,12,6,8,1,1,1,3,1,1,0
48,2017482841,482841,2,0,3,467,0,10,11,2017,6,18,45,3,SR-64,FM 314,32.40613889,-95.5948,12,6,2,2,0,1,3,1,1,0
48,2017482842,482842,2,0,2,473,0,10,11,2017,6,9,46,8,FM 359,,29.86856667,-96.0015,24,0,1,1,0,4,1,1,1,1
48,2017482843,482843,2,0,2,475,0,10,11,2017,6,5,35,3,SR-18,,31.64277778,-102.99,12,2,1,1,0,1,2,10,1,0
48,2017482844,482844,2,0,2,493,0,10,11,2017,6,6,25,3,SR-123,FM 537,29.20382222,-97.9523,12,6,2,2,0,1,1,10,1,0
48,2017482845,482845,2,0,2,113,1730,11,11,2017,7,2,55,3,SR-78 GARLAND RD,,32.8263,-96.7112,12,7,1,1,0,1,3,1,1,1
48,2017482846,482846,2,0,5,201,0,11,11,2017,7,22,18,8,FM 1960,,30.00600833,-95.3159,12,1,1,1,0,1,3,1,1,1
48,2017482847,482847,1,0,1,157,0,12,11,2017,1,17,18,4,CR-CUMMINGS RD,,29.57628611,-95.8057,42,0,1,1,0,4,1,10,1,1
48,2017482848,482848,1,0,3,201,3280,12,11,2017,1,3,42,3,SR-8 LOOP SAM HOUSTON PKWY,,29.65858333,-95.5568,24,0,5,1,0,10,3,1,1,1
48,2017482849,482849,5,0,12,439,2450,12,11,2017,1,19,45,1,I-35,,32.73505833,-97.3204,12,1,1,1,0,1,2,10,1,0
48,2017482850,482850,1,0,1,67,0,13,11,2017,2,6,0,8,FM 251,,33.05196389,-94.1526,42,0,1,1,0,4,2,5,1,0
48,2017482851,482851,3,0,3,113,1730,13,11,2017,2,21,36,3,SR-310 CENTRAL EXPY,,32.69680278,-96.7433,12,1,1,1,0,1,2,10,1,0
48,2017482852,482852,2,0,4,113,1730,14,11,2017,3,1,25,1,I-35 STEMMONS FWY,,99.9999,999.9999,12,1,1,1,0,1,2,1,2,1
48,2017482853,482853,2,0,3,215,2110,14,11,2017,3,12,23,8,FM 3362 JACKSON RD,WISCONSIN RD,26.27188333,-98.1917,12,6,2,2,0,1,1,1,1,0
48,2017482854,482854,3,0,5,375,150,18,11,2017,7,20,44,6,GEORGIA ST,,35.18989167,-101.866,12,1,1,1,0,1,3,1,1,1
48,2017482855,482855,1,1,1,201,3280,26,9,2017,3,22,0,7,SL-8 SAM HOUSTON PKWY,,29.59783333,-95.3725,8,0,1,1,0,1,3,1,1,0
48,2017482856,482856,2,0,2,373,0,5,10,2017,5,13,23,2,US-190,,30.70276389,-94.8165,12,2,1,1,0,1,1,1,1,0
48,2017482857,482857,1,0,2,215,0,23,10,2017,2,19,0,4,CR-MILE 14 RD,,26.25702222,-97.9962,1,0,1,1,0,4,1,1,1,1
48,2017482858,482858,1,1,1,29,6090,8,11,2017,4,21,36,6,WOODSTONE DR,,29.553125,-98.5762,8,0,1,1,0,1,3,2,1,0
48,2017482859,482859,2,0,4,113,1730,9,11,2017,5,18,38,8,SS-482 STOREY LN RAMP,,32.85535,-96.8844,12,6,20,1,0,1,3,10,2,1
48,2017482860,482860,1,0,2,201,480,9,11,2017,5,0,44,6,GARTH RD,,29.78313889,-94.9787,43,0,1,1,0,4,3,2,1,1
48,2017482861,482861,1,0,1,303,0,11,11,2017,7,19,15,8,FM 597,,33.81337778,-101.815,1,0,1,1,0,4,2,1,1,1
48,2017482862,482862,4,0,5,361,0,11,11,2017,7,1,10,1,I-10,,30.13082222,-93.9017,25,0,1,1,0,3,2,1,1,0
48,2017482863,482863,2,0,3,355,1550,12,11,2017,1,23,22,7,SR-358 PADRE ISLAND DR,KOSTORYZ RD,27.72860833,-97.413,12,6,2,2,0,1,3,10,3,0
48,2017482864,482864,2,0,4,113,1730,13,11,2017,2,2,43,8,SL-354 HARRY HINES BLVD,LOMBARDY LN,32.86619167,-96.8818,12,1,3,2,0,1,3,10,3,1
48,2017482865,482865,1,0,1,53,0,14,11,2017,3,21,27,4,CR-212A,,30.84548889,-97.9661,38,0,1,1,0,5,2,1,1,1
48,2017482866,482866,2,0,3,291,0,14,11,2017,3,15,13,2,US-90,,30.02183333,-94.5437,12,1,1,1,1,1,1,1,1,0
48,2017482867,482867,2,0,2,439,2450,15,11,2017,4,21,48,2,US-287,,32.91356111,-97.3464,12,11,1,1,0,1,2,10,1,0
48,2017482868,482868,1,0,1,29,6090,23,11,2017,5,22,15,6,THOUSAND OAKS DR,,29.57585833,-98.4402,30,0,1,1,0,4,3,1,1,1
48,2017482869,482869,1,1,1,181,6501,23,11,2017,5,20,34,3,SR-56,,33.62545,-96.7681,8,0,1,1,0,1,2,1,1,0
48,2017482870,482870,1,0,1,201,3280,23,11,2017,5,5,10,8,FM 521 AIRPORT BLVD,ALMEDA RD,29.64270556,-95.408,18,0,3,3,0,4,3,1,1,0
48,2017482871,482871,2,0,6,439,3840,23,11,2017,5,19,39,7,I-820,FM 1220,32.81346944,-97.4117,12,6,2,2,0,1,3,1,1,0
48,2017482872,482872,1,0,1,141,2190,24,11,2017,6,6,47,3,SR-20 MESA ST,KERBEY AVE,31.77400556,-106.501,46,0,3,2,0,4,1,1,1,0
48,2017482873,482873,1,0,1,141,2190,25,11,2017,7,2,7,6,EDGEMERE BLVD,,31.79081389,-106.321,1,0,1,1,0,1,3,1,1,0
48,2017482874,482874,1,1,2,29,6090,5,9,2017,3,6,59,6,ACME RD,,29.43335833,-98.5876,8,0,1,1,0,1,4,5,1,0
48,2017482875,482875,2,0,6,201,3280,21,10,2017,7,18,26,8,FM 865 CULLEN BLVD,ALMEDA GENOA RD,29.61671389,-95.3555,12,7,3,2,0,1,1,10,1,0
48,2017482876,482876,2,4,2,329,0,22,10,2017,1,20,43,1,I-20 BU I-35E,,31.94118889,-102.18,8,0,1,1,0,2,2,1,3,1
48,2017482877,482877,1,0,2,215,0,25,10,2017,4,7,35,4,CR-OWASSA RD,,26.23518611,-98.0854,43,0,1,1,0,5,4,1,1,1
48,2017482878,482878,1,0,1,215,0,26,10,2017,5,6,32,8,FM 2061,,26.13155833,-98.2154,33,0,1,1,0,4,2,1,1,0
48,2017482879,482879,4,0,7,209,0,27,10,2017,6,20,20,8,FM 621 STAPLES RD,,29.83753611,-97.9072,12,2,1,1,0,1,2,1,3,1
48,2017482880,482880,2,0,5,445,0,29,10,2017,1,16,40,2,US-385,,33.38156944,-102.327,12,8,1,1,0,1,1,1,1,0
48,2017482881,482881,2,0,2,469,7190,29,10,2017,1,17,45,6,LIBERTY ST,,28.79454167,-97.007,14,0,1,1,0,7,1,1,1,0
48,2017482882,482882,1,1,1,439,2800,30,10,2017,2,14,20,7,I-20 WALMART PARKING LOT,,32.67528889,-97.0362,8,0,16,1,0,1,1,1,1,0
48,2017482883,482883,1,1,1,201,3280,1,11,2017,4,19,16,6,DUNVALE RD,,29.73601667,-95.5141,8,0,1,1,0,1,3,1,1,0
48,2017482884,482884,1,0,1,257,0,1,11,2017,4,11,23,8,FM 492,,32.81896111,-96.124,32,0,1,1,0,4,1,1,1,0
48,2017482885,482885,1,0,1,363,0,1,11,2017,4,15,26,1,I-20,,32.60968611,-98.1105,21,0,19,1,0,3,1,1,1,0
48,2017482886,482886,2,0,2,497,0,3,11,2017,6,5,31,2,US-81,RAM HORN HILL RD,33.01164722,-97.4385,12,6,2,2,0,1,2,1,1,0
48,2017482887,482887,3,0,4,167,2570,4,11,2017,7,19,54,3,SR-87,10TH ST,29.30406667,-94.7771,12,6,2,2,0,1,3,1,1,0
48,2017482888,482888,1,0,1,53,0,6,11,2017,2,13,23,3,SR-29,,30.76161667,-98.3071,59,0,1,1,0,4,1,1,1,0
48,2017482889,482889,2,1,1,131,0,6,11,2017,2,3,34,2,US-59,,27.973975,-98.5036,12,2,1,1,0,1,2,1,1,0
48,2017482890,482890,2,0,2,113,1730,7,11,2017,3,2,6,2,US-75 CENTRAL EXPY,,32.93194444,-96.7537,12,1,1,1,0,1,2,1,1,0
48,2017482891,482891,1,1,1,201,0,7,11,2017,3,19,34,3,SR-6,,29.85116667,-95.6455,8,0,1,1,0,1,3,1,1,0
48,2017482892,482892,1,1,1,201,0,8,11,2017,4,11,10,6,LITTLE YORK RD,,29.86608611,-95.6581,8,0,1,1,0,5,1,10,1,0
48,2017482893,482893,3,0,2,219,0,8,11,2017,4,16,58,8,FM 1490,CR-ELLIS ST,33.60151389,-102.403,12,6,2,2,0,1,1,1,1,0
48,2017482894,482894,1,1,2,277,5220,8,11,2017,4,19,3,3,SR-286 LOOP,7TH ST,33.63129167,-95.5631,8,0,2,3,0,1,2,2,1,0
48,2017482895,482895,2,0,2,329,0,9,11,2017,5,14,57,1,I-20,,31.93885,-102.163,12,1,1,1,0,1,1,1,1,0
48,2017482896,482896,2,0,4,131,0,10,11,2017,6,12,40,3,SR-359,,27.37575,-98.7759,12,2,1,1,0,2,1,2,3,0
48,2017482897,482897,2,0,2,419,0,10,11,2017,6,8,37,2,US-59,,31.91466667,-94.3571,12,6,1,1,0,1,1,1,1,0
48,2017482898,482898,2,0,2,241,0,11,11,2017,7,14,45,2,US-96,FM 1004,30.59234722,-93.9167,12,6,2,2,0,1,1,1,1,0
48,2017482899,482899,1,0,1,287,0,11,11,2017,7,20,50,8,FM 180,,30.29049444,-96.6676,33,0,1,1,0,4,3,1,1,1
48,2017482901,482901,1,0,1,135,0,12,11,2017,1,6,11,2,US-385,,31.65175278,-102.329,38,0,1,1,0,5,2,5,1,1
48,2017482902,482902,1,0,1,147,0,12,11,2017,1,7,30,8,FM 274,,33.72774167,-96.2744,1,0,1,1,0,4,1,2,1,1
48,2017482903,482903,1,0,1,51,0,13,11,2017,2,17,30,8,FM 908,,30.56641111,-96.9446,5,0,1,1,0,1,5,1,1,0
48,2017482904,482904,3,0,4,157,0,13,11,2017,2,0,44,8,FM 521,FM 2234,29.58160278,-95.4316,12,1,3,2,0,1,2,1,1,1
48,2017482905,482905,1,0,1,209,0,13,11,2017,2,7,4,8,RM 32,,29.93846389,-98.1098,38,0,1,1,0,5,2,1,1,1
48,2017482906,482906,1,0,1,339,0,13,11,2017,2,20,53,3,SR-249,,30.15913611,-95.6692,1,0,1,1,0,4,2,1,1,0
48,2017482908,482908,2,0,5,371,0,14,11,2017,3,13,0,8,FM 1053,,31.08947778,-102.794,12,1,8,1,0,1,1,1,2,0
48,2017482909,482909,2,0,3,27,0,15,11,2017,4,14,54,8,FM 439,CR-COURTNEY LN,31.09124444,-97.5584,12,6,3,3,0,1,1,10,1,0
48,2017482910,482910,1,1,1,37,6850,15,11,2017,4,20,15,2,US-82 NEW BOSTON RD,,33.43494444,-94.0646,8,0,1,1,0,1,2,10,1,0
48,2017482911,482911,1,0,1,125,0,10,12,2017,1,16,31,3,SR-70,,33.64627778,-100.841,32,0,1,1,0,4,1,1,1,1
48,2017482912,482912,1,1,1,201,0,15,11,2017,4,5,46,8,FM 1960 CYPRESS CREEK PKWY,,29.98314444,-95.507,8,0,1,1,0,1,3,1,1,0
48,2017482913,482913,1,0,2,339,0,15,11,2017,4,11,15,1,I-69,,30.09737222,-95.2386,52,0,1,1,0,4,1,1,1,0
48,2017482914,482914,2,0,4,35,0,16,11,2017,5,19,20,3,SR-6,,31.68085833,-97.5257,12,2,1,1,0,2,2,1,3,0
48,2017482915,482915,3,0,3,121,0,16,11,2017,5,6,56,8,FM 1173,CR-LOVERS LN,33.260175,-97.1998,12,1,3,3,0,1,1,10,1,0
48,2017482916,482916,2,0,3,337,800,16,11,2017,5,19,59,2,US-81 WISE ST,,33.55647222,-97.8434,12,6,8,1,0,1,3,10,1,1
48,2017482917,482917,1,0,1,375,0,16,11,2017,5,1,0,8,FM 1719,,35.30685,-101.885,1,0,1,1,0,4,2,1,1,0
48,2017482918,482918,1,0,1,21,0,17,11,2017,6,4,40,3,SR-71,,30.13096111,-97.4483,1,0,1,1,0,4,2,10,1,1
48,2017482919,482919,2,0,4,149,0,17,11,2017,6,9,42,3,SR-71,CR-PLUM CHURH RD,29.92918889,-96.9753,12,6,2,2,0,1,1,1,2,0
48,2017482920,482920,2,0,2,201,0,17,11,2017,6,14,32,4,CR-BEECHNUT ST,CR-BECKFORD LN,29.68878611,-95.6107,12,6,2,2,0,1,1,1,1,0
48,2017482921,482921,1,1,1,201,3280,17,11,2017,6,18,33,6,AIRLINE DR,,29.84755833,-95.3845,8,0,1,1,0,11,1,1,1,0
48,2017482922,482922,2,0,2,201,3280,17,11,2017,6,17,15,6,KENSWICK DR,,29.98949167,-95.2959,12,6,1,1,0,1,2,1,1,0
48,2017482923,482923,1,0,1,231,0,17,11,2017,6,15,0,8,FM 2874,,33.22243889,-95.9842,38,0,1,1,0,4,1,10,1,1
48,2017482924,482924,2,0,5,329,0,17,11,2017,6,15,47,1,I-20,,32.07410833,-101.922,12,1,1,1,0,1,1,1,3,0
48,2017482925,482925,1,0,1,339,0,17,11,2017,6,13,30,3,SR-105,,30.35799167,-95.7902,1,0,1,1,0,4,1,1,1,0
48,2017482926,482926,2,0,7,359,0,17,11,2017,6,23,55,1,I-40,,35.27031944,-102.565,12,1,1,1,0,1,2,1,1,0
48,2017482927,482927,1,1,2,439,2450,17,11,2017,6,19,10,6,HEMPHILL ST,,32.71162222,-97.3316,8,0,1,1,0,1,8,1,1,0